Name,Year,Age,From Team,WAR3,G,PA,AB,R,H,2B,3B,HR,RBI,SB,CS,BB,SO,BA,OBP,SLG,OPS,Pos
Mike Stanley,2000,38,OAK,4.4,1467,4989,4222,625,1138,220,7,187,702,13,4,652,929,0.27,0.37,0.458,0.827,C-DH-1B
Walt Weiss,2000,37,ATL,3.8,1495,5516,4686,623,1207,182,31,25,386,96,35,658,658,0.258,0.351,0.326,0.677,SS
Kevin Stocker,2000,31,ANA,2.5,846,3197,2773,340,703,124,28,23,248,45,28,313,541,0.254,0.338,0.343,0.682,SS
Rich Becker,2000,29,DET,1.8,789,2624,2227,345,570,100,12,45,243,66,26,350,616,0.256,0.358,0.372,0.731,OF
Willie Greene,2000,29,CHC,1.8,655,2183,1902,254,446,76,12,86,307,17,6,260,477,0.234,0.326,0.423,0.749,3B-OF-DH
Mark Whiten,2000,34,CLE,1.6,939,3523,3104,465,804,129,20,105,423,78,40,378,712,0.259,0.341,0.415,0.756,OF
Aaron Ledesma,2000,30,COL,1.5,284,813,754,94,223,38,4,2,76,11,8,44,111,0.296,0.338,0.365,0.703,SS-3B-2B
Luis Polonia,2000,37,NYY,1.3,1379,5296,4840,728,1417,189,70,36,405,321,145,369,543,0.293,0.342,0.383,0.726,OF-DH
Hal Morris,2000,36,DET,1.1,1246,4443,3998,535,1216,246,21,76,513,45,24,356,548,0.304,0.361,0.433,0.794,1B-OF-DH
Kevin Elster,2000,36,LAD,0.8,940,3225,2844,332,648,136,12,88,376,14,11,295,562,0.228,0.3,0.377,0.677,SS
Rich Amaral,2000,39,ATL,0.7,727,2022,1788,305,493,82,10,11,159,112,39,176,277,0.276,0.344,0.351,0.695,OF-2B-DH-3B-1B-SS
Gregg Jefferies,2000,33,DET,0.3,1465,6072,5520,761,1593,300,27,126,663,196,63,472,348,0.289,0.344,0.421,0.765,1B-OF-2B-3B-DH
Jeff Manto,2000,36,CLE,0.3,289,822,713,97,164,35,2,31,97,3,6,97,182,0.23,0.329,0.415,0.744,3B-1B
Hector Ramirez,2000,29,HOU,0.3,21,4,4,0,1,0,0,0,0,0,0,0,2,0.25,0.25,0.25,0.5,
Marcus Jensen,2000,28,MIN,0.2,117,328,279,31,54,15,1,5,23,0,1,46,85,0.194,0.308,0.308,0.616,C
Lenny Webster,2000,36,MON,0.2,587,1617,1450,157,368,73,2,33,176,1,3,140,209,0.254,0.324,0.375,0.699,C
Jim Leyritz,2000,37,LAD,0,903,2962,2527,325,667,107,2,90,387,7,7,337,581,0.264,0.362,0.415,0.777,C-DH-1B-3B-OF
Tim Unroe,2000,30,ATL,0,79,108,95,13,21,3,0,3,11,2,1,11,32,0.221,0.308,0.347,0.656,1B
Tarrik Brock,2000,27,CHC,-0.1,13,16,12,1,2,0,0,0,0,1,1,4,4,0.167,0.375,0.167,0.542,
Ivan Cruz,2000,33,PIT,-0.1,24,43,41,3,10,1,0,1,5,0,0,2,14,0.244,0.279,0.341,0.621,
Matt Mieske,2000,33,ARI,-0.1,663,1705,1547,225,406,78,10,56,226,7,16,124,313,0.262,0.318,0.434,0.753,OF
Brian Smith,2000,28,PIT,-0.1,3,0,0,0,0,0,0,0,0,0,0,0,0,,,,,
George Williams,2000,32,SDP,-0.1,172,518,428,62,104,19,2,10,48,0,1,74,103,0.243,0.362,0.367,0.729,C
Tripp Cromer,2000,33,HOU,-0.2,193,561,520,54,117,22,0,12,47,0,1,27,101,0.225,0.266,0.337,0.602,SS-2B
Carlos Hernandez,2000,25,SEA,-0.2,18,16,15,4,2,0,0,0,1,3,2,0,1,0.133,0.133,0.133,0.267,
Alan Newman,2000,31,CLE,-0.2,0,0,0,0,0,0,0,0,0,0,0,0,0,,,,,
Matt Williams,2000,30,NYY,-0.2,11,1,1,0,0,0,0,0,0,0,0,0,1,0,0,0,0,
Eddie Zosky,2000,33,HOU,-0.2,44,53,50,4,8,1,2,0,3,0,0,1,13,0.16,0.173,0.26,0.433,SS
Jeff Huson,2000,36,CHC,-0.3,827,2127,1879,242,439,65,13,8,150,64,21,191,228,0.234,0.304,0.295,0.599,SS-2B-3B-1B
Felix Jose,2000,36,NYY,-0.3,716,2707,2490,316,697,134,14,51,314,102,57,193,496,0.28,0.332,0.406,0.739,OF
Scott McClain,2000,29,COL,-0.3,9,23,20,2,2,0,0,0,0,0,0,2,6,0.1,0.217,0.1,0.317,
Sean Berry,2000,35,CLE,-0.4,860,2692,2413,310,657,153,10,81,369,47,24,206,438,0.272,0.334,0.445,0.779,3B-1B
Carlos Mendoza,2000,26,COL,-0.4,28,29,22,6,4,0,0,0,1,0,1,5,6,0.182,0.379,0.182,0.561,
Danny Young,2000,29,CHC,-0.4,4,0,0,0,0,0,0,0,0,0,0,0,0,,,,,
Chris Pritchett,2000,31,PHI,-0.5,61,158,149,16,33,3,1,3,11,3,1,7,31,0.221,0.255,0.315,0.57,1B
Chris Sexton,2000,29,CIN,-0.5,70,188,159,18,35,4,1,1,17,8,4,24,22,0.22,0.328,0.277,0.605,
Joe Vitiello,2000,31,SDP,-0.5,244,705,617,64,146,29,1,23,91,2,0,73,151,0.237,0.326,0.399,0.725,DH-1B-OF
Chris Jones,2000,35,MIL,-0.6,548,1119,1021,155,257,43,11,30,131,26,10,74,287,0.252,0.303,0.404,0.707,OF
John Roskos,2000,26,SDP,-0.6,37,53,49,1,4,3,0,0,2,0,0,4,19,0.082,0.151,0.143,0.294,
Geronimo Berroa,2000,36,LAD,-0.8,779,2825,2506,379,692,113,9,101,382,19,16,276,510,0.276,0.349,0.449,0.798,DH-OF
Quilvio Veras,2001,31,BOS,5.5,767,3293,2780,469,750,129,15,32,239,183,83,427,462,0.27,0.372,0.362,0.734,2B
Paul O'Neill,2001,39,NYY,4.6,2053,8329,7318,1041,2105,451,21,281,1269,141,73,892,1166,0.288,0.363,0.47,0.833,OF
Cal Ripken Jr.,2001,41,BAL,3.4,3001,12883,11551,1647,3184,603,44,431,1695,36,39,1129,1305,0.276,0.34,0.447,0.788,SS-3B
Tony Fernandez,2001,40,TOR,3.1,2158,8793,7911,1057,2276,414,92,94,844,246,138,690,784,0.288,0.347,0.399,0.746,SS-3B-2B
Scott Brosius,2001,35,NYY,3,1146,4356,3889,544,1001,200,8,141,531,57,30,348,699,0.257,0.323,0.422,0.744,3B-OF-1B-SS
Jay Buhner,2001,37,SEA,2.8,1472,5927,5013,797,1273,233,19,310,965,6,24,792,1406,0.254,0.359,0.494,0.852,OF-DH
Stan Javier,2001,38,SEA,2.8,1763,5755,5047,781,1358,225,40,57,503,246,51,578,839,0.269,0.345,0.363,0.708,OF-1B
Tony Gwynn,2001,42,SDP,2.7,2440,10232,9288,1383,3141,543,85,135,1138,319,125,790,434,0.338,0.388,0.459,0.847,OF
Ken Caminiti,2001,39,ATL,2,1760,7127,6288,894,1710,348,17,239,983,88,39,727,1163,0.272,0.347,0.447,0.794,3B-1B
Chad Curtis,2001,33,TEX,1.4,1204,4650,4017,648,1061,195,16,101,461,212,98,510,676,0.264,0.349,0.396,0.745,OF-DH
Devon White,2001,39,MIL,1.4,1941,8080,7344,1125,1934,378,71,208,846,346,98,541,1526,0.263,0.319,0.419,0.739,OF
Tony Eusebio,2001,35,HOU,1.3,598,1955,1739,179,479,87,5,30,241,1,5,182,324,0.275,0.346,0.383,0.729,C
Harold Baines,2001,43,CHW,1.1,2830,11092,9908,1299,2866,488,49,384,1628,34,34,1062,1441,0.289,0.356,0.465,0.82,DH-OF
Eric Davis,2001,40,SFG,1.1,1626,6147,5321,938,1430,239,26,282,934,349,66,740,1398,0.269,0.359,0.482,0.841,OF-DH
Rob Ducey,2001,37,MON,1,703,1478,1279,190,309,78,13,31,146,22,17,166,346,0.242,0.331,0.396,0.726,OF
Dave Magadan,2001,39,SDP,0.7,1582,4963,4159,516,1197,218,13,42,495,11,11,718,546,0.288,0.39,0.377,0.767,3B-1B-DH
D.T. Cromer,2001,31,CIN,0.4,85,114,104,14,32,7,0,7,20,0,0,4,33,0.308,0.327,0.577,0.904,
Scott Sheldon,2001,33,TEX,0,141,310,285,34,67,16,0,8,33,1,1,15,84,0.235,0.275,0.375,0.65,3B-SS
Joe Oliver,2001,36,BOS,-0.2,1076,3698,3367,320,831,174,3,102,476,13,13,248,637,0.247,0.299,0.391,0.69,C
Turner Ward,2001,37,PHI,-0.2,626,1790,1548,210,389,73,11,39,219,33,15,186,247,0.251,0.332,0.388,0.721,OF
Chris Seelbach,2001,29,ATL,-0.3,7,0,0,0,0,0,0,0,0,0,0,0,0,,,,,
Joe Strong,2001,39,FLA,-0.3,21,2,2,0,0,0,0,0,0,0,0,0,2,0,0,0,0,
Bernard Gilkey,2001,35,ATL,-0.5,1239,4626,4061,606,1115,244,24,118,546,115,71,466,708,0.275,0.352,0.434,0.785,OF
Eric Knott,2001,27,ARI,-0.5,3,1,1,0,0,0,0,0,0,0,0,0,1,0,0,0,0,
Terry Jones,2001,31,MON,-0.8,227,585,530,78,128,21,5,1,34,27,8,36,106,0.242,0.289,0.306,0.595,OF
Dante Bichette,2001,38,BOS,-1,1704,6856,6381,934,1906,401,27,274,1141,152,73,355,1078,0.299,0.336,0.499,0.835,OF-DH
Brett Hinchliffe,2001,27,NYM,-1,1,1,1,0,0,0,0,0,0,0,0,0,1,0,0,0,0,
Mark Lewis,2001,32,CLE,-1.1,902,3051,2795,320,736,155,13,48,306,29,18,196,511,0.263,0.312,0.38,0.692,2B-3B-SS
Fernando Seguignol,2001,27,MON,-1.1,173,394,359,42,90,23,0,17,40,0,1,19,111,0.251,0.305,0.457,0.761,1B-OF
Brian Johnson,2001,34,LAD,-1.2,471,1539,1415,132,351,60,6,49,196,1,3,80,268,0.248,0.291,0.403,0.694,C
John Wehner,2001,35,PIT,-1.3,461,897,804,99,200,33,4,4,54,15,7,73,136,0.249,0.311,0.315,0.626,3B-OF
Bobby Bonilla,2001,39,STL,-3.6,2113,8257,7213,1084,2010,408,61,287,1173,45,57,912,1204,0.279,0.358,0.472,0.829,3B-OF-1B-DH
Ray Lankford,2002,36,SDP,1.7,1609,6440,5547,932,1510,342,53,232,852,256,115,799,1495,0.272,0.364,0.478,0.843,OF
Rickey Henderson,2002,44,BOS,1.6,3051,13262,10889,2288,3040,509,66,295,1110,1403,335,2179,1678,0.279,0.402,0.419,0.821,OF-DH
Tim Raines,2002,43,FLA,0.6,2502,10359,8872,1571,2605,430,113,170,980,808,146,1330,966,0.294,0.385,0.425,0.81,OF-DH-2B
David Newhan,2002,29,LAD,0.2,63,97,86,17,14,3,0,3,9,2,1,10,24,0.163,0.247,0.302,0.55,OF-2B-DH
Bry Nelson,2002,29,BOS,0,25,39,34,6,9,3,0,0,2,1,1,4,1,0.265,0.342,0.353,0.695,
Curtis Pride,2002,34,PIT,-0.1,349,800,706,118,181,33,12,18,76,28,14,79,186,0.256,0.335,0.414,0.749,OF-DH
Dave Maurer,2002,28,CLE,-0.2,17,1,1,0,0,0,0,0,0,0,0,0,1,0,0,0,0,
Mike Caruso,2002,26,KCR,-0.3,281,1140,1072,144,294,28,10,7,90,34,20,35,76,0.274,0.302,0.339,0.641,SS
Alex Arias,2002,35,NYY,-0.6,775,2010,1773,203,470,84,6,18,196,10,5,181,211,0.265,0.338,0.35,0.688,SS-3B-2B
Takahito Nomura,2002,34,MIL,-0.6,21,0,0,0,0,0,0,0,0,0,0,0,0,,,,,
Chris Richard,2003,30,COL,1.6,267,983,880,131,227,57,6,34,122,18,18,77,176,0.258,0.324,0.452,0.777,OF-1B-DH
Ruben Rivera,2003,30,BAL,1.6,662,1818,1586,237,343,67,11,64,203,50,20,185,510,0.216,0.307,0.393,0.701,OF
Matt Franco,2003,34,ATL,0.7,661,1113,977,110,261,43,6,22,117,2,2,124,158,0.267,0.349,0.391,0.74,1B-3B-OF
Al Martin,2003,36,TBD,0.5,1232,4688,4242,664,1172,220,48,132,485,173,65,390,879,0.276,0.339,0.444,0.783,OF-DH
Andres Galarraga,2003,43,SFG,0.3,2250,8905,8086,1194,2330,444,32,398,1423,128,81,583,2000,0.288,0.347,0.499,0.846,1B-DH
Kevin Ohme,2003,33,STL,0.3,2,1,1,0,1,0,0,0,0,0,0,0,0,1,1,1,2,
Mandy Romero,2003,36,COL,0.1,42,85,77,12,16,2,0,2,5,1,0,6,25,0.208,0.282,0.312,0.594,C
Chad Meyers,2003,28,SEA,0,106,237,212,27,44,11,0,0,9,6,3,14,43,0.208,0.281,0.259,0.54,2B
Rontrez Johnson,2003,27,ATL,-0.1,8,3,3,3,1,0,0,0,0,0,0,0,2,0.333,0.333,0.333,0.667,
Curtis Pride,2003,35,NYY,-0.1,353,812,718,119,182,33,12,19,77,28,14,79,188,0.253,0.332,0.412,0.744,OF-DH
Angel Santos,2003,24,CLE,-0.2,41,99,92,11,19,4,1,3,7,1,1,5,25,0.207,0.245,0.37,0.614,2B
Morgan Burkhart,2003,32,KCR,-0.5,42,145,121,20,30,4,0,5,23,0,0,19,38,0.248,0.366,0.405,0.77,
Larry Barnes,2003,29,LAD,-0.9,46,80,78,4,12,2,0,1,4,0,0,2,18,0.154,0.175,0.218,0.393,
Julio Mosquera,2003,32,SEA,,11,31,30,2,7,3,0,0,2,0,1,0,5,0.233,0.258,0.333,0.591,
John Olerud,2004,36,NYY,8.8,2147,8871,7419,1121,2189,493,13,248,1193,11,14,1259,996,0.295,0.399,0.465,0.864,1B-DH
Edgar Martinez,2004,42,SEA,5.6,2055,8674,7213,1219,2247,514,15,309,1261,49,30,1283,1202,0.312,0.418,0.515,0.933,DH-3B
Robin Ventura,2004,37,LAD,5.6,2079,8271,7064,1006,1885,338,14,294,1182,24,38,1075,1179,0.267,0.362,0.444,0.806,3B-1B
Ellis Burks,2004,40,BOS,4.4,2000,8177,7232,1253,2107,402,63,352,1206,181,84,793,1340,0.291,0.363,0.51,0.874,OF-DH
Brad Fullmer,2004,30,TEX,3.8,807,3065,2789,395,778,203,16,114,442,32,21,216,373,0.279,0.336,0.486,0.822,DH-1B
Tony Batista,2004,31,WSN,2.5,1179,4646,4289,591,1078,211,17,214,681,47,25,260,749,0.251,0.298,0.458,0.756,3B-SS-2B-DH
Herbert Perry,2004,35,TEX,1.6,529,1889,1696,241,461,102,6,55,246,12,8,128,291,0.272,0.335,0.436,0.771,3B-1B-DH
Barry Larkin,2004,41,CIN,1.2,2180,9057,7937,1329,2340,441,76,198,960,379,77,939,817,0.295,0.371,0.444,0.815,SS
Gabe Kapler,2004,29,BOS,1,742,2441,2198,326,598,126,13,61,281,66,25,199,348,0.272,0.332,0.424,0.757,OF
John Vander Wal,2004,39,CIN,1,1372,3166,2751,374,717,170,18,97,430,38,20,385,698,0.261,0.351,0.441,0.792,OF-1B-DH
Shane Spencer,2004,33,NYY,0.9,538,1867,1671,208,438,84,8,59,242,13,11,152,357,0.262,0.326,0.428,0.754,OF-DH
Bobby Estalella,2004,30,TOR,0.6,310,1056,904,126,195,49,5,48,147,6,2,130,290,0.216,0.315,0.44,0.755,C
Tom Goodwin,2004,36,CHC,0.5,1288,4315,3846,636,1029,125,39,24,284,369,118,365,660,0.268,0.332,0.339,0.671,OF
Todd Zeile,2004,39,NYM,0.4,2158,8649,7573,986,2004,397,23,253,1110,53,51,945,1279,0.265,0.346,0.423,0.769,3B-1B-C
Darren Bragg,2004,35,CIN,0.3,916,2835,2461,341,627,145,14,46,260,56,24,304,570,0.255,0.34,0.381,0.721,OF
Mark McLemore,2004,40,OAK,0.3,1832,7239,6192,943,1602,255,47,53,615,272,119,875,983,0.259,0.349,0.341,0.69,2B-OF-3B-SS-DH
David Segui,2004,38,BAL,0.3,1456,5451,4847,683,1412,284,16,139,684,17,19,524,687,0.291,0.359,0.443,0.802,1B-DH-OF
Jason Shiell,2004,28,BOS,0.1,4,0,0,0,0,0,0,0,0,0,0,0,0,,,,,
Marc Kroon,2004,32,COL,0,24,0,0,0,0,0,0,0,0,0,0,0,0,,,,,
Ray Lankford,2004,38,STL,0,1701,6675,5747,968,1561,356,54,238,874,258,117,828,1550,0.272,0.364,0.477,0.84,OF
Lino Urdaneta,2004,25,DET,0,0,0,0,0,0,0,0,0,0,0,0,0,0,,,,,
Kelly Dransfeldt,2004,30,CHW,-0.1,51,117,112,10,23,3,0,1,11,0,0,4,32,0.205,0.233,0.259,0.492,SS
Kevin Witt,2004,29,STL,-0.1,127,363,338,33,84,10,0,13,36,1,1,19,87,0.249,0.287,0.393,0.681,DH-1B
Lou Collier,2004,31,PHI,-0.3,315,813,713,89,172,33,7,8,78,12,6,75,160,0.241,0.317,0.341,0.658,SS-OF
Larry Sutton,2004,35,FLA,-0.3,252,647,572,63,135,23,2,12,78,4,3,55,102,0.236,0.302,0.346,0.648,OF-1B
Luis Lopez,2004,31,ATL,-0.4,52,155,145,10,33,4,0,3,10,0,0,8,25,0.228,0.273,0.317,0.59,
Brent Mayne,2004,37,LAD,-0.4,1279,4084,3614,359,951,178,8,38,403,18,27,370,580,0.263,0.332,0.348,0.68,C
Dave Maurer,2004,30,TOR,-0.6,17,1,1,0,0,0,0,0,0,0,0,0,1,0,0,0,0,
Chad Hermansen,2004,27,TOR,-0.9,189,541,492,49,96,23,2,13,34,9,8,38,168,0.195,0.255,0.329,0.584,OF
Brook Fordyce,2004,35,TBD,-1.2,623,1973,1807,172,467,103,4,41,188,8,6,119,295,0.258,0.309,0.388,0.697,C
Adrian Hernandez,2004,30,MIL,-1.2,6,5,4,0,0,0,0,0,0,0,0,0,3,0,0,0,0,
Mike Mordecai,2004,37,FLA,-1.6,791,1510,1360,157,333,75,7,24,132,13,13,112,260,0.245,0.303,0.363,0.666,3B-2B-SS
Tomas de la Rosa,2004,27,PIT,,33,78,67,7,19,3,1,2,9,2,1,7,11,0.284,0.36,0.448,0.808,SS
Adam Pettyjohn,2004,28,OAK,,1,2,2,0,0,0,0,0,0,0,0,0,2,0,0,0,0,
Larry Walker,2005,39,STL,9.5,1988,8030,6907,1355,2160,471,62,383,1311,230,76,913,1231,0.313,0.4,0.565,0.965,OF-1B
Tino Martinez,2005,38,NYY,4.7,2023,8044,7111,1009,1925,365,21,339,1271,27,20,780,1069,0.271,0.344,0.471,0.815,1B-DH
Rafael Palmeiro,2005,41,BAL,4.6,2831,12046,10472,1663,3020,585,38,569,1835,97,40,1353,1348,0.288,0.371,0.515,0.885,1B-DH-OF
John Olerud,2005,37,BOS,4.3,2234,9063,7592,1139,2239,500,13,255,1230,11,14,1275,1016,0.295,0.398,0.465,0.863,1B-DH
Sammy Sosa,2005,37,BAL,3,2240,9442,8401,1422,2304,355,44,588,1575,234,107,895,2194,0.274,0.345,0.537,0.882,OF-DH
Bobby Higginson,2005,35,DET,2.2,1362,5664,4910,736,1336,270,33,187,709,91,53,649,796,0.272,0.358,0.455,0.813,OF-DH
B.J. Surhoff,2005,41,BAL,2,2313,9106,8258,1062,2326,440,42,188,1153,141,84,640,839,0.282,0.332,0.413,0.745,OF-C-3B-1B-DH
Rey Sanchez,2005,38,NYY,1.2,1490,5246,4850,549,1317,193,32,15,389,55,32,229,508,0.272,0.308,0.334,0.642,SS-2B
Rick Short,2005,33,WSN,0.3,11,17,15,4,6,2,0,2,4,0,0,1,1,0.4,0.471,0.933,1.404,
Chris Magruder,2005,29,MIL,0.2,270,595,540,67,119,32,3,11,56,5,2,34,120,0.22,0.277,0.352,0.629,OF
Carlos Baerga,2005,37,WSN,0.1,1630,5895,5439,731,1583,279,17,134,774,59,24,291,580,0.291,0.332,0.423,0.754,2B-3B-1B-SS-DH
Chin-Feng Chen,2005,28,LAD,0,19,25,22,3,2,0,0,0,2,0,0,3,10,0.091,0.2,0.091,0.291,
Julio Mosquera,2005,34,MIL,0,12,32,31,2,7,3,0,0,2,0,1,0,5,0.226,0.25,0.323,0.573,
Brian Myrow,2005,29,LAD,0,19,25,20,2,4,1,0,0,0,0,0,5,8,0.2,0.36,0.25,0.61,
Tony Torcato,2005,26,SFG,0,43,53,47,2,14,2,0,0,3,0,0,2,8,0.298,0.346,0.34,0.687,
Dan Wilson,2005,37,SEA,0,1299,4616,4186,441,1097,211,13,88,519,23,14,280,763,0.262,0.309,0.382,0.691,C
Ben Grieve,2005,30,CHC,-0.1,976,3743,3215,471,864,192,5,118,492,24,5,466,784,0.269,0.367,0.442,0.809,OF-DH
Dave Hansen,2005,37,SEA,-0.1,1230,2101,1793,187,466,79,6,35,222,5,7,283,332,0.26,0.36,0.369,0.729,3B-1B
Chris Prieto,2005,33,LAA,-0.2,2,3,2,0,0,0,0,0,0,0,0,0,0,0,0,0,0,
David Sanders,2005,26,CHW,-0.3,2,0,0,0,0,0,0,0,0,0,0,0,0,,,,,
Jimmy Journell,2005,28,STL,-0.4,11,0,0,0,0,0,0,0,0,0,0,0,0,,,,,
Denny Hocking,2005,36,KCR,-0.5,954,2632,2358,294,591,112,17,25,226,36,27,205,442,0.251,0.31,0.344,0.654,2B-SS-OF-3B-1B
Gerald Williams,2005,39,NYM,-0.5,1168,3323,3059,474,780,183,18,85,365,106,57,180,530,0.255,0.301,0.41,0.711,OF
Jesse Garcia,2005,32,SDP,-0.8,171,287,273,41,59,5,2,5,23,7,6,8,48,0.216,0.241,0.304,0.545,SS-2B
J.J. Davis,2005,27,COL,-1.2,67,117,106,6,19,1,0,1,9,3,2,9,34,0.179,0.248,0.217,0.465,OF
Mike Mordecai,2005,38,FLA,-1.3,793,1512,1362,157,333,75,7,24,132,13,13,112,261,0.244,0.303,0.363,0.665,3B-2B-SS
Luis Lopez,2005,35,CIN,-1.6,721,1783,1620,171,390,85,7,22,151,10,12,100,343,0.241,0.293,0.343,0.636,SS-2B-3B
Jeff Liefer,2005,31,CLE,-1.9,288,844,779,89,179,36,1,31,113,2,2,56,223,0.23,0.281,0.398,0.679,OF-1B-DH
Robinson Cancel,2005,30,STL,,15,48,44,5,8,2,0,0,5,0,0,2,12,0.182,0.234,0.227,0.461,C
David Bell,2006,34,MIL,6.6,1403,5380,4826,587,1239,267,18,123,589,19,20,428,687,0.257,0.32,0.396,0.716,3B-2B
Joe Randa,2006,37,PIT,3.9,1522,6007,5428,697,1543,327,36,123,739,42,26,432,738,0.284,0.339,0.426,0.765,3B-2B-DH
Vinny Castilla,2006,39,COL,2.9,1854,7384,6822,902,1884,349,28,320,1105,33,43,423,1069,0.276,0.321,0.476,0.797,3B-SS
Aaron Guiel,2006,34,NYY,1.3,307,1099,970,151,239,58,0,35,128,8,12,83,218,0.246,0.322,0.414,0.736,OF
Gabe Kapler,2006,31,BOS,1.2,850,2692,2425,362,655,140,13,64,302,68,26,216,378,0.27,0.331,0.418,0.748,OF
Jeromy Burnitz,2006,38,PIT,0.9,1694,6580,5710,917,1447,298,29,315,981,74,58,739,1376,0.253,0.345,0.481,0.826,OF
Terrence Long,2006,31,NYY,0.6,890,3325,3068,428,824,166,21,69,376,27,15,227,460,0.269,0.318,0.404,0.722,OF
Damon Hollins,2006,33,TBD,0.4,256,762,712,85,172,39,1,28,86,11,5,42,134,0.242,0.284,0.417,0.701,OF
Todd Hollandsworth,2006,34,CIN,0,1118,3492,3191,451,871,192,22,98,401,75,43,262,701,0.273,0.328,0.439,0.767,OF
Adam Hyzdu,2006,35,TEX,0,221,407,358,54,82,18,0,19,61,1,1,41,98,0.229,0.31,0.439,0.749,OF
Jason Childers,2006,32,TBD,-0.1,0,0,0,0,0,0,0,0,0,0,0,0,0,,,,,
Chris Mabeus,2006,28,MIL,-0.1,1,0,0,0,0,0,0,0,0,0,0,0,0,,,,,
Jose Diaz,2006,27,KCR,-0.2,0,0,0,0,0,0,0,0,0,0,0,0,0,,,,,
Quinton McCracken,2006,36,MIN,-0.3,999,2779,2462,359,675,118,32,21,244,89,44,229,445,0.274,0.336,0.374,0.709,OF
Todd Pratt,2006,40,ATL,-0.3,662,1869,1612,194,404,84,3,49,224,6,2,208,454,0.251,0.344,0.398,0.741,C
Henry Mateo,2006,30,WSN,-0.4,190,280,257,39,60,8,2,1,10,15,4,17,57,0.233,0.289,0.292,0.581,2B
Seth Etherton,2006,30,KCR,-0.5,8,13,9,1,1,0,0,0,0,0,0,1,2,0.111,0.2,0.111,0.311,
Michael Tucker,2006,36,NYM,-0.5,1417,4686,4083,625,1047,208,49,125,528,114,56,490,960,0.256,0.339,0.423,0.763,OF-DH
Chris Widger,2006,36,BAL,-0.7,613,1998,1826,180,435,104,7,55,222,10,9,141,384,0.238,0.296,0.393,0.689,C
Eric Young,2006,40,TEX,-0.8,1730,6996,6119,996,1731,327,46,79,543,465,168,660,462,0.283,0.359,0.39,0.749,2B-OF
Bernie Williams,2006,38,NYY,-1,2076,9053,7869,1366,2336,449,55,287,1257,147,87,1069,1212,0.297,0.381,0.477,0.858,OF-DH
Edgardo Alfonzo,2006,33,NYM,-1.1,1506,6108,5385,777,1532,282,18,146,744,53,17,596,617,0.284,0.357,0.425,0.782,3B-2B-SS
Brian Jordan,2006,40,ATL,-1.2,1456,5646,5160,755,1454,267,37,184,821,119,48,353,842,0.282,0.333,0.455,0.788,OF
Randall Simon,2006,32,PHI,-2,537,1717,1609,172,455,71,3,49,237,2,4,82,148,0.283,0.32,0.422,0.742,1B-DH
Cory Aldridge,2006,28,CHW,,8,5,5,1,0,0,0,0,0,0,0,0,4,0,0,0,0,
Brandon Knight,2006,31,PIT,,1,0,0,0,0,0,0,0,0,0,0,0,0,,,,,
Barry Bonds,2007,43,SFG,8,2986,12606,9847,2227,2935,601,77,762,1996,514,141,2558,1539,0.298,0.444,0.607,1.051,OF-DH
Kenny Lofton,2007,41,CLE,6.9,2103,9235,8120,1528,2428,383,116,130,781,622,160,945,1016,0.299,0.372,0.423,0.794,OF
Tony Graffanino,2007,36,MIL,5.7,974,3137,2787,441,743,144,21,58,302,53,25,274,481,0.267,0.336,0.396,0.732,2B-3B-SS-1B
Jeff Cirillo,2007,38,ARI,3.8,1617,6136,5396,800,1598,343,21,112,727,63,37,563,694,0.296,0.366,0.43,0.796,3B-1B-2B-DH
Mike Piazza,2007,39,OAK,3.2,1912,7745,6911,1048,2127,344,8,427,1335,17,20,759,1113,0.308,0.377,0.545,0.922,C-DH-1B
Lew Ford,2007,31,MIN,2.7,494,1716,1514,228,412,80,10,32,172,47,10,147,236,0.272,0.349,0.402,0.75,OF-DH
Reggie Sanders,2007,40,KCR,2.7,1777,7043,6241,1037,1666,341,60,305,983,304,115,674,1614,0.267,0.343,0.487,0.83,OF
Neifi Perez,2007,35,DET,2.6,1403,5510,5127,640,1370,238,61,64,489,57,45,231,503,0.267,0.297,0.375,0.672,SS-2B
Ryan Klesko,2007,37,SFG,2.3,1736,6523,5611,874,1564,343,33,278,987,91,41,817,1077,0.279,0.37,0.5,0.87,OF-1B
Damian Miller,2007,38,MIL,1.5,989,3558,3182,361,834,205,4,87,406,5,5,303,772,0.262,0.329,0.411,0.74,C
Mark Bellhorn,2007,33,CIN,1.2,731,2491,2107,324,484,113,13,69,246,30,13,346,723,0.23,0.341,0.394,0.735,2B-3B-1B-SS
Mike Lieberthal,2007,36,LAD,0.7,1212,4695,4218,534,1155,257,10,150,610,8,7,335,571,0.274,0.337,0.446,0.783,C
Shea Hillenbrand,2007,32,LAD,0.6,943,3816,3570,463,1014,202,15,108,490,16,12,140,464,0.284,0.321,0.44,0.76,3B-1B-DH
Shawn Green,2007,35,NYM,0.5,1951,7963,7082,1129,2003,445,35,328,1070,162,52,744,1315,0.283,0.355,0.494,0.85,OF-1B-DH
Ricky Ledee,2007,34,NYM,0.5,855,2307,2030,290,494,120,17,63,318,29,15,244,495,0.243,0.325,0.412,0.737,OF
Hiram Bocachica,2007,32,SDP,0.3,272,584,535,69,115,28,1,15,37,16,10,41,139,0.215,0.272,0.355,0.628,OF
Aaron Rakers,2007,31,SDP,0.3,1,0,0,0,0,0,0,0,0,0,0,0,0,,,,,
J.J. Furmaniak,2007,28,OAK,0.2,29,52,43,8,8,2,1,0,2,0,0,7,12,0.186,0.327,0.279,0.606,
Marty McLeary,2007,33,PIT,0.2,12,7,7,0,0,0,0,0,0,0,0,0,3,0,0,0,0,
Rondell White,2007,36,MIN,0.2,1474,5852,5357,756,1519,296,34,198,768,94,47,360,925,0.284,0.336,0.462,0.799,OF-DH
Mike Schultz,2007,28,ARI,0,1,0,0,0,0,0,0,0,0,0,0,0,0,,,,,
Lino Urdaneta,2007,28,NYM,0,2,0,0,0,0,0,0,0,0,0,0,0,0,,,,,
Yoel Hernandez,2007,28,PHI,-0.1,12,0,0,0,0,0,0,0,0,0,0,0,0,,,,,
Kevin Barry,2007,29,ATL,-0.2,19,2,2,0,0,0,0,0,0,0,0,0,1,0,0,0,0,
Julio Franco,2007,49,ATL,-0.2,2527,9731,8677,1285,2586,407,54,173,1194,281,107,917,1341,0.298,0.365,0.417,0.782,SS-2B-1B-DH
Sandy Alomar,2007,42,NYM,-0.4,1377,4865,4530,520,1236,249,10,112,588,25,24,212,499,0.273,0.309,0.406,0.716,C
Josh Rabe,2007,29,MIN,-0.4,38,82,80,10,20,1,0,3,9,0,1,2,18,0.25,0.268,0.375,0.643,
Royce Clayton,2007,38,BOS,-0.5,2108,8164,7379,935,1904,363,55,110,723,231,100,565,1415,0.258,0.312,0.367,0.679,SS
Orlando Palmeiro,2007,39,HOU,-0.7,1206,2706,2335,306,640,113,14,12,226,37,28,265,230,0.274,0.351,0.35,0.701,OF-DH
Mike Ryan,2007,30,PIT,-0.9,127,285,260,32,69,14,1,7,33,4,4,19,52,0.265,0.313,0.408,0.721,OF-DH
Sammy Sosa,2007,39,TEX,-0.9,2354,9896,8813,1475,2408,379,45,609,1667,234,107,929,2306,0.273,0.344,0.534,0.878,OF-DH
Desi Relaford,2007,34,TEX,-1.1,939,3347,2939,375,714,147,19,40,308,81,28,293,497,0.243,0.319,0.347,0.666,SS-2B-3B-OF
Kelly Stinnett,2007,38,STL,-1.2,734,2290,2033,228,476,91,4,65,230,10,5,196,567,0.234,0.313,0.379,0.692,C
Preston Wilson,2007,33,STL,-1.3,1108,4436,4003,573,1055,221,16,189,668,124,55,350,1085,0.264,0.329,0.468,0.797,OF
Mark Grudzielanek,2008,39,KCR,8.3,1772,7484,6942,936,2010,391,36,90,629,131,52,356,944,0.29,0.332,0.395,0.727,2B-SS-3B
Frank Thomas,2008,41,OAK,5.5,2322,10075,8199,1494,2468,495,12,521,1704,32,23,1667,1397,0.301,0.419,0.555,0.974,DH-1B
Moises Alou,2008,42,NYM,3.7,1942,7913,7037,1109,2134,421,39,332,1287,106,37,737,894,0.303,0.369,0.516,0.885,OF
Ray Durham,2008,37,MIL,3.5,1975,8423,7408,1249,2054,440,79,192,875,273,97,820,1201,0.277,0.352,0.436,0.788,2B-DH
Tadahito Iguchi,2008,34,PHI,3.5,493,2079,1841,267,494,91,11,44,205,48,13,189,387,0.268,0.338,0.401,0.739,2B
Jeff Kent,2008,41,LAD,3,2298,9537,8498,1320,2461,560,47,377,1518,94,60,801,1522,0.29,0.356,0.5,0.855,2B-3B-1B
Jay Payton,2008,36,BAL,2.8,1239,4454,4119,558,1145,189,29,119,521,46,32,254,499,0.278,0.323,0.425,0.747,OF
Paul Lo Duca,2008,37,FLA,1.7,1082,4302,3892,483,1112,222,8,80,481,20,19,266,295,0.286,0.337,0.409,0.746,C-1B-OF
Jim Edmonds,2008,39,CHC,1.6,1925,7708,6612,1207,1881,414,25,382,1176,65,50,974,1669,0.284,0.377,0.528,0.905,OF-1B
Damion Easley,2008,39,NYM,1.2,1706,6211,5484,735,1386,287,27,163,684,114,56,510,935,0.253,0.329,0.404,0.733,2B-SS-3B
Luis Gonzalez,2008,41,FLA,0.6,2591,10531,9157,1412,2591,596,68,354,1439,128,87,1155,1218,0.283,0.367,0.479,0.845,OF
Kevin Mench,2008,31,TOR,0.6,702,2568,2335,309,629,150,14,89,330,12,6,181,329,0.269,0.326,0.46,0.786,OF-DH
T.J. Bohn,2008,29,PHI,0.3,32,21,19,3,4,1,0,1,5,0,0,2,9,0.211,0.286,0.421,0.707,OF
Raul Casanova,2008,36,NYM,0.3,387,1201,1081,98,255,40,5,35,130,2,3,98,200,0.236,0.304,0.379,0.683,C
Jason Wood,2008,39,FLA,0.2,153,218,200,25,49,11,0,5,36,1,1,15,59,0.245,0.296,0.375,0.671,1B
Brady Clark,2008,36,NYM,0.1,785,2322,2015,264,559,97,7,36,210,48,33,208,252,0.277,0.358,0.386,0.744,OF
Sean Casey,2008,34,BOS,-0.2,1405,5644,5066,690,1531,322,12,130,735,18,8,477,577,0.302,0.367,0.447,0.814,1B-DH
Jamie D'Antona,2008,27,ARI,-0.3,18,19,17,2,3,0,0,0,1,0,0,2,4,0.176,0.263,0.176,0.44,
Mark Sweeney,2008,39,LAD,-0.3,1218,2131,1830,220,464,101,9,42,250,16,9,259,425,0.254,0.347,0.387,0.734,OF-1B
Rico Washington,2008,31,STL,-0.3,14,22,19,2,3,2,0,0,3,0,0,3,6,0.158,0.273,0.263,0.536,
Marino Salas,2008,27,PIT,-0.4,11,0,0,0,0,0,0,0,0,0,0,0,0,,,,,
Chris Aguila,2008,30,NYM,-0.5,149,248,230,26,53,13,2,3,16,2,2,16,61,0.23,0.28,0.343,0.624,OF
Francisco Cruceta,2008,27,DET,-0.5,2,0,0,0,0,0,0,0,0,0,0,0,0,,,,,
Jason Perry,2008,28,ATL,-0.5,4,17,17,0,2,0,1,0,1,0,0,0,4,0.118,0.118,0.235,0.353,
Tomas Perez,2008,35,HOU,-0.6,789,2074,1896,205,455,96,13,24,180,6,7,131,341,0.24,0.29,0.342,0.633,2B-SS-3B-1B
Gary Bennett,2008,37,LAD,-1,587,1876,1690,141,408,74,3,22,192,6,5,139,270,0.241,0.302,0.328,0.63,C
Abraham Nunez,2008,33,NYM,-2.5,1030,2804,2486,286,601,88,19,18,209,38,16,250,447,0.242,0.313,0.314,0.627,3B-SS-2B
Matt Watson,2008,30,TOR,,34,75,71,4,13,5,0,0,7,0,0,3,9,0.183,0.216,0.254,0.47,OF
Joe Crede,2009,32,MIN,5.1,888,3377,3101,392,787,159,5,140,470,4,12,199,459,0.254,0.304,0.444,0.748,3B
Gary Sheffield,2009,41,NYM,3.1,2576,10947,9217,1636,2689,467,27,509,1676,253,104,1475,1171,0.292,0.393,0.514,0.907,OF-3B-DH-SS
Kenji Johjima,2009,34,SEA,2.8,462,1722,1609,166,431,84,1,48,198,7,5,66,148,0.268,0.31,0.411,0.721,C
Carlos Delgado,2009,38,NYM,2.1,2035,8657,7283,1241,2038,483,18,473,1512,14,8,1109,1745,0.28,0.383,0.546,0.929,1B-DH-OF
Jermaine Dye,2009,36,CHW,1.4,1763,7214,6487,984,1779,363,25,325,1072,46,26,597,1308,0.274,0.338,0.488,0.826,OF-DH
Rocco Baldelli,2009,28,BOS,1.1,509,2040,1886,278,526,98,18,59,257,59,16,101,383,0.279,0.324,0.444,0.767,OF-DH
Tony Graffanino,2009,38,CLE,0.9,981,3161,2810,442,746,145,21,58,302,53,25,275,486,0.265,0.335,0.394,0.729,2B-3B-SS-1B
Mark Loretta,2009,38,LAD,0.9,1726,6558,5812,768,1713,309,22,76,629,47,35,555,605,0.295,0.36,0.395,0.754,2B-SS-3B-1B
Lew Ford,2009,33,CIN,0.2,494,1716,1514,228,412,80,10,32,172,47,10,147,236,0.272,0.349,0.402,0.75,OF-DH
Edgar Gonzalez,2009,32,SDP,0.2,193,522,478,54,122,23,2,11,51,2,5,36,112,0.255,0.312,0.381,0.693,2B
Robinson Cancel,2009,34,NYM,0.1,43,102,94,10,20,4,0,1,10,1,2,5,18,0.213,0.26,0.287,0.547,C
Kevin Barker,2009,34,CIN,-0.1,126,323,285,32,71,12,0,6,36,3,0,34,65,0.249,0.328,0.354,0.683,1B
Carlos Martinez,2009,28,FLA,-0.1,15,1,1,0,0,0,0,0,0,0,0,0,1,0,0,0,0,
Jeff Fiorentino,2009,27,BAL,-0.2,58,173,148,23,40,5,0,1,21,4,0,17,29,0.27,0.341,0.324,0.666,OF
Darin Erstad,2009,36,HOU,-0.3,1654,6628,6024,913,1697,316,33,124,699,179,58,475,939,0.282,0.336,0.407,0.743,OF-1B-DH
Greg Norton,2009,37,ATL,-0.3,1107,2764,2410,315,600,126,8,89,338,15,18,323,604,0.249,0.339,0.419,0.757,3B-1B-DH-OF
Aaron Boone,2009,37,HOU,-0.4,1152,4333,3871,519,1017,216,17,126,555,107,30,303,707,0.263,0.326,0.425,0.751,3B-1B-SS
Jason Smith,2009,32,HOU,-0.7,278,618,576,65,122,15,10,17,60,9,4,23,181,0.212,0.248,0.361,0.609,2B-SS-3B
Ryan Freel,2009,34,TEX,-0.9,594,2274,1983,306,532,100,17,22,122,143,48,222,350,0.268,0.354,0.369,0.723,OF-3B-2B
Nomar Garciaparra,2009,36,OAK,-0.9,1434,6116,5586,927,1747,370,52,229,936,95,31,403,554,0.313,0.361,0.521,0.882,SS-1B-3B
Paul Bako,2009,38,PHI,-1.2,789,2471,2202,195,508,98,11,24,195,4,9,233,589,0.231,0.305,0.318,0.623,C
Rich Aurilia,2009,38,SFG,-1.5,1652,6278,5721,745,1576,301,22,186,756,23,18,450,861,0.275,0.328,0.433,0.762,SS-1B-3B-2B
Ramon Martinez,2009,37,NYM,-2,798,2206,1952,223,512,98,10,29,242,10,7,170,267,0.262,0.321,0.367,0.689,SS-2B-3B
Rene Rivera,2009,26,NYM,,53,159,150,11,34,7,0,3,10,1,0,4,41,0.227,0.252,0.333,0.585,C
Cristian Guzman,2010,33,TEX,5.2,1406,5785,5382,727,1459,238,89,62,467,125,68,265,783,0.271,0.307,0.383,0.69,SS-2B
Troy Glaus,2010,34,ATL,4.5,1537,6355,5410,889,1375,293,10,320,950,56,29,854,1377,0.254,0.358,0.489,0.847,3B-1B-DH
Ryan Church,2010,32,ARI,3.2,654,2128,1894,251,500,134,7,56,267,21,10,188,459,0.264,0.336,0.431,0.767,OF
Fernando Tatis,2010,36,NYM,2.7,949,3468,3051,427,807,174,14,113,448,50,21,321,709,0.265,0.344,0.442,0.785,3B-OF-1B
David Eckstein,2010,36,SDP,2.4,1311,5705,5041,701,1414,232,20,35,392,123,45,376,418,0.28,0.345,0.355,0.701,SS-2B-DH
Mike Lowell,2010,37,BOS,2.4,1601,6500,5813,771,1619,394,7,223,952,30,14,548,817,0.279,0.342,0.464,0.805,3B-1B-DH
Ryan Garko,2010,30,TEX,1.6,463,1752,1552,190,427,75,3,55,250,0,1,125,272,0.275,0.347,0.434,0.781,1B-DH
Mike Sweeney,2010,37,PHI,1.5,1454,5848,5188,759,1540,325,5,215,909,53,25,522,613,0.297,0.366,0.486,0.851,DH-1B-C
Jay Payton,2010,38,COL,1.4,1259,4490,4154,561,1157,193,30,119,522,47,32,255,503,0.279,0.323,0.425,0.748,OF
Willy Aybar,2010,28,TBR,1.3,405,1390,1219,137,315,68,2,33,157,7,5,142,206,0.258,0.341,0.399,0.739,3B-DH-2B-1B
Rocco Baldelli,2010,29,TBR,1,519,2065,1910,281,531,99,18,60,262,60,16,102,388,0.278,0.323,0.443,0.766,OF-DH
Kazuo Matsui,2010,35,COL,0.9,630,2555,2302,330,615,124,20,32,211,102,18,179,403,0.267,0.321,0.38,0.701,2B-SS
Bengie Molina,2010,36,TEX,0.7,1362,5159,4812,457,1317,217,6,144,711,3,7,208,471,0.274,0.307,0.411,0.718,C-DH
Erick Threets,2010,29,CHW,0.7,10,0,0,0,0,0,0,0,0,0,0,0,0,,,,,
Mike Hessman,2010,33,NYM,0.4,109,250,223,29,42,8,1,14,33,0,0,21,79,0.188,0.272,0.422,0.694,1B-3B
Robert Manuel,2010,27,BOS,0.3,3,0,0,0,0,0,0,0,0,0,0,0,0,,,,,
Brad Ausmus,2010,42,LAD,0.1,1971,7102,6279,718,1579,270,34,80,607,102,53,634,1034,0.251,0.325,0.344,0.669,C
Matt Watson,2010,32,OAK,0.1,46,108,101,6,19,7,0,1,11,0,0,6,14,0.188,0.234,0.287,0.521,OF
Jason LaRue,2010,37,STL,0,922,3103,2719,307,628,148,7,96,348,14,11,237,760,0.231,0.315,0.396,0.712,C
Evan MacLane,2010,28,STL,0,2,0,0,0,0,0,0,0,0,0,0,0,0,,,,,
Cory Aldridge,2010,32,LAA,-0.2,13,18,18,1,1,0,1,0,1,0,0,0,9,0.056,0.056,0.167,0.222,
Adam Stern,2010,31,MIL,-0.2,54,45,43,7,5,1,0,1,7,2,1,0,10,0.116,0.156,0.209,0.365,OF
Kevin Mench,2010,33,WSN,-0.3,729,2597,2362,311,632,150,14,89,331,12,6,183,335,0.268,0.324,0.456,0.78,OF-DH
Mike Ryan,2010,33,LAA,-0.3,149,326,299,35,77,18,1,7,35,4,4,20,57,0.258,0.301,0.395,0.696,OF-DH
Cedrick Bowers,2010,33,OAK,-0.4,8,1,0,1,0,0,0,0,0,0,0,1,0,,1,,,
Jamie Burke,2010,39,WSN,-0.4,191,432,390,53,108,20,0,3,39,0,2,25,57,0.277,0.328,0.351,0.679,C
Julio Lugo,2010,35,BAL,-1.1,1330,5290,4714,685,1273,238,34,80,472,198,69,435,865,0.27,0.334,0.386,0.72,SS-2B-3B
Mike Lamb,2010,35,FLA,-1.4,975,2989,2706,382,746,132,19,69,349,7,10,226,409,0.276,0.332,0.415,0.747,3B-1B-DH-OF
Chad Tracy,2010,31,FLA,-1.7,773,2747,2484,304,690,161,9,79,333,11,5,216,433,0.278,0.337,0.445,0.782,3B-1B-OF
Jose Guillen,2010,35,SFG,-2.8,1650,6418,5888,748,1591,305,25,214,887,31,26,321,1103,0.27,0.321,0.44,0.761,OF-DH
Derrek Lee,2011,36,PIT,7.8,1942,7963,6962,1081,1959,432,30,331,1078,104,48,874,1622,0.281,0.365,0.495,0.859,1B
J.D. Drew,2011,36,BOS,6.6,1566,6153,5173,944,1437,273,48,242,795,87,37,862,1137,0.278,0.384,0.489,0.873,OF
Hideki Matsui,2011,38,OAK,4.8,1202,4963,4347,649,1239,248,12,173,753,13,9,539,667,0.285,0.363,0.467,0.83,OF-DH
Craig Counsell,2011,41,MIL,3.7,1624,5488,4741,647,1208,218,40,42,390,103,49,589,663,0.255,0.342,0.344,0.686,2B-SS-3B
Felipe Lopez,2011,32,MIL,3.3,1185,4864,4337,600,1145,219,31,90,439,124,58,445,913,0.264,0.333,0.391,0.724,SS-2B-3B
Jason Varitek,2011,40,BOS,3,1546,5839,5099,664,1307,306,14,193,757,25,18,614,1216,0.256,0.341,0.435,0.776,C
Vladimir Guerrero,2011,37,BAL,2.7,2147,9059,8155,1328,2590,477,46,449,1496,181,94,737,985,0.318,0.379,0.553,0.931,OF-DH
Jorge Posada,2011,40,NYY,2.5,1829,7150,6092,900,1664,379,10,275,1065,20,21,936,1453,0.273,0.374,0.474,0.848,C-DH-1B
Pat Burrell,2011,35,SFG,2,1640,6520,5503,767,1393,299,16,292,976,7,3,932,1564,0.253,0.361,0.472,0.834,OF-DH-1B
Ramon Castro,2011,36,CHW,0.8,567,1603,1426,155,338,66,0,67,217,2,0,151,375,0.237,0.31,0.424,0.734,C
Magglio Ordonez,2011,38,DET,0.7,1848,7745,6978,1076,2156,426,21,294,1236,94,50,651,852,0.309,0.369,0.502,0.871,OF-DH
Esteban German,2011,34,TEX,0.5,409,1170,1016,159,284,54,15,8,111,34,15,117,187,0.28,0.359,0.386,0.745,2B-3B-OF-DH
Ross Gload,2011,36,PHI,0.5,795,1819,1673,195,470,93,9,34,222,12,9,107,224,0.281,0.325,0.408,0.733,1B-OF
Lastings Milledge,2011,27,CHW,0.4,433,1659,1500,166,404,73,8,33,167,40,20,104,287,0.269,0.328,0.395,0.723,OF
Ivan Rodriguez,2011,40,WSN,0.4,2543,10270,9592,1354,2844,572,51,311,1332,127,64,513,1474,0.296,0.334,0.464,0.798,C-DH
Donny Lucy,2011,29,CHW,0.2,21,44,40,3,10,4,0,1,3,1,0,3,14,0.25,0.318,0.425,0.743,
Andy Marte,2011,28,PIT,0,301,924,838,85,183,45,6,20,96,1,6,67,177,0.218,0.277,0.358,0.635,3B-1B
Wily Mo Pena,2011,30,SEA,0,599,1845,1703,211,425,70,5,84,240,12,8,111,559,0.25,0.303,0.445,0.748,OF-DH
Edgar Renteria,2011,35,CIN,0,2152,9066,8142,1200,2327,436,29,140,923,294,108,718,1182,0.286,0.343,0.398,0.741,SS
Robby Hammock,2011,35,ARI,-0.1,182,527,481,62,122,30,4,12,48,6,5,38,99,0.254,0.312,0.407,0.719,C-OF
Robinson Cancel,2011,36,HOU,-0.2,45,109,100,10,20,4,0,1,10,1,2,6,22,0.2,0.252,0.27,0.522,C
Dan Cortes,2011,25,SEA,-0.2,0,0,0,0,0,0,0,0,0,0,0,0,0,,,,,
Joey Gathright,2011,31,BOS,-0.2,452,1329,1175,178,309,30,7,1,96,81,30,97,212,0.263,0.328,0.303,0.631,OF
Alan Johnson,2011,28,COL,-0.2,1,2,1,0,0,0,0,0,0,0,0,0,1,0,0,0,0,
Reggie Willits,2011,31,LAA,-0.4,414,1014,844,146,218,35,1,0,58,40,17,129,169,0.258,0.356,0.302,0.658,OF-DH
Rommie Lewis,2011,29,TOR,-0.5,2,1,1,0,0,0,0,0,0,0,0,0,1,0,0,0,0,
Dane Sardinha,2011,33,PHI,-0.5,59,171,151,16,25,4,1,3,15,0,0,15,55,0.166,0.243,0.265,0.508,C
Mark Worrell,2011,29,BAL,-0.8,4,2,2,1,1,0,0,1,3,0,0,0,0,0.5,0.5,2,2.5,
Orlando Cabrera,2011,37,SFG,-0.9,1985,8255,7562,985,2055,459,32,123,854,216,57,514,745,0.272,0.317,0.39,0.707,SS-2B
Jeremy Reed,2011,31,MIN,-1,483,1376,1250,141,315,67,12,12,110,20,21,100,196,0.252,0.309,0.354,0.663,OF
Aaron Miles,2011,35,LAD,-1.2,932,3064,2827,347,793,110,18,19,229,30,18,162,294,0.281,0.32,0.352,0.672,2B-SS-3B
Scott Rolen,2012,38,CIN,6.3,2038,8518,7398,1211,2077,517,43,316,1287,118,49,899,1410,0.281,0.364,0.49,0.855,3B
Aubrey Huff,2012,36,SFG,5.6,1681,6786,6104,806,1699,360,24,242,904,37,25,571,907,0.278,0.342,0.464,0.806,1B-DH-3B-OF
Jim Thome,2012,42,BAL,5.5,2543,10313,8422,1583,2328,451,26,612,1699,19,20,1747,2548,0.276,0.402,0.554,0.956,1B-DH-3B
Bobby Abreu,2012,39,LAD,3,2347,9926,8347,1441,2437,565,59,287,1349,399,128,1456,1819,0.292,0.396,0.477,0.873,OF-DH
Andruw Jones,2012,36,NYY,3,2196,8664,7599,1204,1933,383,36,434,1289,152,59,891,1748,0.254,0.337,0.486,0.823,OF-DH
Nyjer Morgan,2012,32,MIL,2.2,583,2154,1912,280,536,73,27,11,130,117,51,138,346,0.28,0.341,0.364,0.705,OF
Carlos Lee,2012,37,MIA,1.5,2099,8787,7983,1125,2273,469,19,358,1363,125,47,655,984,0.285,0.339,0.483,0.821,OF-1B-DH
Miguel Cairo,2012,39,CIN,1,1490,4392,3956,504,1044,193,34,41,394,139,40,243,482,0.264,0.314,0.361,0.675,2B-3B-1B-OF-SS
Adam Kennedy,2012,37,LAD,0.9,1691,6055,5473,682,1488,288,42,80,571,179,62,401,839,0.272,0.327,0.384,0.711,2B-3B-1B
Jose Lopez,2012,29,CHW,0.6,1036,4089,3841,421,1005,215,11,92,480,25,17,150,471,0.262,0.292,0.395,0.688,2B-3B-SS-1B-DH
Casey McGehee,2012,30,NYY,0.6,551,2041,1853,211,476,99,5,61,283,2,7,158,351,0.257,0.314,0.414,0.728,3B-1B
Luke Hughes,2012,28,TOR,0.5,106,348,317,32,69,12,0,8,33,4,3,24,92,0.218,0.277,0.331,0.609,2B-1B
Jason Repko,2012,32,BOS,0.5,360,779,700,105,157,29,4,16,67,27,8,52,195,0.224,0.294,0.346,0.64,OF
Ryan Theriot,2012,33,SFG,0.5,899,3615,3246,446,911,138,18,17,257,121,49,285,383,0.281,0.341,0.35,0.691,SS-2B
Brooks Conrad,2012,33,TBR,0.3,280,481,430,55,89,23,3,18,71,7,1,40,152,0.207,0.278,0.4,0.678,3B-2B
Fred Lewis,2012,32,NYM,0.3,535,1763,1562,261,415,91,21,27,136,53,23,170,390,0.266,0.344,0.403,0.747,OF
Jack Egbert,2012,30,NYM,0,1,0,0,0,0,0,0,0,0,0,0,0,0,,,,,
Tyler Graham,2012,29,ARI,-0.1,10,2,2,1,0,0,0,0,0,0,1,0,2,0,0,0,0,
Grady Sizemore,2012,30,CLE,-0.2,892,4047,3527,601,948,216,43,139,458,134,43,430,816,0.269,0.357,0.473,0.83,OF-DH
Sean Burroughs,2012,32,MIN,-0.3,528,1823,1664,187,463,68,12,12,143,20,6,119,223,0.278,0.335,0.355,0.69,3B
Adrian Cardenas,2012,25,CHC,-0.3,45,67,60,5,11,6,0,0,2,0,0,7,13,0.183,0.269,0.283,0.552,
Scott Podsednik,2012,37,BOS,-0.3,1079,4346,3906,563,1096,178,41,42,312,309,104,333,630,0.281,0.339,0.379,0.719,OF
Vinny Rottino,2012,33,CLE,-0.3,62,110,97,14,16,4,0,3,11,5,0,10,24,0.165,0.241,0.299,0.54,
Matt Treanor,2012,37,LAD,-0.3,468,1482,1272,120,281,45,4,18,129,5,6,147,286,0.221,0.313,0.305,0.618,C
Brian Schneider,2012,36,PHI,-0.4,1048,3570,3165,284,781,167,9,67,387,4,8,331,526,0.247,0.32,0.369,0.689,C
Hector Luna,2012,33,PIT,-0.5,339,867,794,104,208,41,6,15,96,23,11,55,159,0.262,0.314,0.385,0.699,2B-OF-SS-3B
Willie Harris,2012,35,CIN,-2.4,1046,2816,2441,365,580,100,24,39,212,107,40,306,500,0.238,0.327,0.346,0.673,OF-2B-3B
Kevin Youkilis,2013,35,NYY,5.4,1061,4436,3749,653,1053,254,18,150,618,26,14,539,828,0.281,0.382,0.478,0.861,1B-3B
Kendrys Morales,2013,31,SEA,4.7,620,2419,2222,280,622,130,4,102,345,4,12,165,434,0.28,0.333,0.48,0.813,DH-1B
Stephen Drew,2013,31,BOS,4.6,936,3918,3511,471,926,210,60,90,416,40,15,347,728,0.264,0.329,0.435,0.764,SS-2B
Lance Berkman,2013,38,TEX,4.3,1879,7814,6491,1146,1905,422,30,366,1234,86,48,1201,1300,0.293,0.406,0.537,0.943,OF-1B-DH
Placido Polanco,2013,38,MIA,2.4,1927,7887,7214,1009,2142,348,32,104,723,81,30,429,538,0.297,0.343,0.397,0.74,2B-3B-SS
Travis Hafner,2013,37,NYY,2.3,1183,4782,4058,619,1107,250,13,213,731,11,7,598,976,0.273,0.376,0.498,0.874,DH-1B
Kelly Shoppach,2013,34,CLE,2.2,572,1855,1616,208,361,92,2,70,216,1,0,155,624,0.223,0.312,0.413,0.725,C
Andres Torres,2013,36,SFG,2.2,650,2157,1910,277,462,113,29,32,174,77,29,205,476,0.242,0.317,0.382,0.699,OF
Todd Helton,2013,40,COL,2,2247,9453,7962,1401,2519,592,37,369,1406,37,29,1335,1175,0.316,0.414,0.539,0.953,1B
Jerry Hairston,2013,38,LAD,1.5,1442,4967,4387,580,1126,233,22,70,420,147,68,373,572,0.257,0.324,0.368,0.692,2B-OF-3B-SS-DH
Juan Pierre,2013,36,MIA,1.1,1994,8280,7525,1075,2217,255,94,18,517,614,203,464,479,0.295,0.343,0.361,0.704,OF
Luke Scott,2013,36,TBR,0.9,889,3193,2810,370,725,181,20,135,436,17,7,334,662,0.258,0.34,0.481,0.821,OF-DH-1B
Miguel Tejada,2013,40,KCR,0.7,2171,9205,8434,1230,2407,468,23,307,1302,85,38,553,1079,0.285,0.336,0.456,0.791,SS-3B-2B
Derrick Robinson,2013,26,CIN,0.6,102,216,192,21,49,7,3,0,8,4,5,18,44,0.255,0.322,0.323,0.645,OF
Zach Phillips,2013,27,MIA,0.4,3,0,0,0,0,0,0,0,0,0,0,0,0,,,,,
Cole De Vries,2013,29,MIN,0,0,0,0,0,0,0,0,0,0,0,0,0,0,,,,,
Freddy Guzman,2013,33,TBR,0,48,102,95,14,20,3,0,1,7,10,4,4,17,0.211,0.255,0.274,0.529,OF
Joe Mahoney,2013,27,MIA,0,11,33,33,2,8,1,0,1,4,0,0,0,4,0.242,0.242,0.364,0.606,
Shairon Martis,2013,27,MIN,0,18,35,31,4,5,1,0,0,2,0,0,1,8,0.161,0.188,0.194,0.381,
Chris Robinson,2013,30,SDP,0,8,12,12,1,2,0,0,1,3,0,0,0,3,0.167,0.167,0.417,0.583,
Gil Velazquez,2013,34,MIA,0,33,76,73,2,17,1,0,0,4,0,0,1,11,0.233,0.25,0.247,0.497,
Jordan Brown,2013,30,MIA,-0.1,40,109,102,9,23,8,0,0,7,0,0,5,11,0.225,0.266,0.304,0.57,
Nick Green,2013,35,MIA,-0.2,417,1220,1078,147,254,58,5,17,103,6,11,80,286,0.236,0.303,0.346,0.649,2B-SS-3B
Cody Clark,2013,32,HOU,-0.3,16,40,38,1,4,1,0,0,0,0,0,1,15,0.105,0.128,0.132,0.26,
Michael Young,2013,37,LAD,-0.3,1970,8612,7918,1137,2375,441,60,185,1030,90,30,575,1235,0.3,0.346,0.441,0.787,SS-3B-2B-DH-1B
Austin Kearns,2013,34,MIA,-0.5,1125,4179,3606,522,914,187,13,121,494,33,21,475,898,0.253,0.351,0.413,0.764,OF
Ryan Langerhans,2013,34,TOR,-0.6,597,1474,1250,177,283,58,12,33,125,11,8,192,388,0.226,0.333,0.371,0.704,OF
Fernando Martinez,2013,25,NYY,-0.8,99,310,282,28,58,15,1,9,29,2,2,14,72,0.206,0.269,0.362,0.63,OF
Matt Diaz,2013,36,MIA,-1.6,736,2052,1881,212,546,98,14,45,226,33,16,106,378,0.29,0.338,0.429,0.767,OF
Mark Kotsay,2013,38,SDP,-1.7,1914,7110,6464,790,1784,353,48,127,720,98,64,554,757,0.276,0.332,0.404,0.737,OF-1B-DH
Felix Pie,2013,29,PIT,-2.1,425,1082,993,132,244,45,13,17,99,21,10,70,227,0.246,0.295,0.369,0.664,OF
Ben Francisco,2013,32,SDP,-2.2,563,1771,1579,199,400,104,3,50,190,30,17,146,325,0.253,0.323,0.418,0.741,OF-DH
Yuniesky Betancourt,2013,32,MIL,-3.1,1156,4278,4052,437,1057,218,29,80,457,30,30,143,435,0.261,0.285,0.388,0.673,SS-1B-3B-2B
Chad Huffman,2013,29,STL,,9,21,18,1,3,0,0,0,2,0,0,2,5,0.167,0.286,0.167,0.452,
Mark Ellis,2014,38,STL,5.3,1435,5728,5117,690,1343,257,25,105,550,82,29,438,801,0.262,0.327,0.384,0.711,2B
Josh Willingham,2014,36,KCR,4.8,1147,4616,3912,564,988,216,15,195,632,35,9,553,1036,0.253,0.358,0.465,0.823,OF-DH
Derek Jeter,2014,41,NYY,1.7,2747,12602,11195,1923,3465,544,66,260,1311,358,97,1082,1840,0.31,0.377,0.44,0.817,SS-DH
Ryan Doumit,2014,34,ATL,0.9,980,3407,3093,350,818,191,7,104,413,12,6,232,621,0.264,0.324,0.432,0.756,C-OF-DH-1B
Stephen Fife,2014,28,LAD,0.7,17,29,27,1,3,1,0,0,0,0,0,1,15,0.111,0.143,0.148,0.291,
Kevin Kouzmanoff,2014,33,TEX,0.7,685,2730,2525,273,650,143,8,87,371,6,1,125,500,0.257,0.302,0.424,0.726,3B
John McDonald,2014,40,LAA,0.3,1100,2651,2434,276,568,105,14,28,210,34,19,118,379,0.233,0.273,0.323,0.596,SS-2B-3B
Andrew Brown,2014,30,OAK,0.2,144,362,328,37,72,14,0,14,45,3,2,28,101,0.22,0.281,0.39,0.671,OF
Jesus Guzman,2014,31,HOU,0.1,403,1114,1007,108,249,61,4,25,136,18,5,97,248,0.247,0.316,0.39,0.706,1B-OF
Scott Hairston,2014,35,WSN,0.1,923,2660,2431,300,589,133,17,106,313,36,11,175,577,0.242,0.296,0.442,0.738,OF-2B
Jarrett Grube,2014,33,LAA,0,0,0,0,0,0,0,0,0,0,0,0,0,0,,,,,
Jack Hannahan,2014,35,CIN,0,614,1877,1650,167,381,93,5,29,175,6,4,193,440,0.231,0.314,0.346,0.66,3B-1B
Robert Andino,2014,31,PIT,-0.1,468,1467,1320,157,306,58,1,18,96,24,12,113,309,0.232,0.294,0.318,0.612,2B-SS-3B
Raul Ibanez,2014,43,KCR,-0.2,2161,8278,7471,1055,2034,424,51,305,1207,50,29,713,1374,0.272,0.335,0.465,0.801,OF-DH-1B
Andy Marte,2014,31,ARI,-0.2,307,940,854,86,186,45,6,21,99,1,6,67,180,0.218,0.276,0.358,0.634,3B-1B
Lyle Overbay,2014,38,MIL,-0.2,1587,5802,5102,645,1355,356,12,151,675,19,7,638,1108,0.266,0.347,0.429,0.776,1B
Chris Marrero,2014,26,BAL,-0.3,39,133,125,6,29,5,0,0,11,0,0,4,31,0.232,0.256,0.272,0.528,1B
Gaby Sanchez,2014,31,PIT,-0.3,700,2271,1998,236,508,126,4,61,266,12,1,225,368,0.254,0.332,0.413,0.744,1B
Tony Abreu,2014,30,SFG,-0.4,224,615,579,61,147,39,6,6,60,2,4,22,116,0.254,0.283,0.373,0.656,2B-3B
Paul Konerko,2014,39,CHW,-0.5,2349,9505,8393,1162,2340,410,8,439,1412,9,4,921,1391,0.279,0.354,0.486,0.841,1B-DH
Bobby Abreu,2014,41,NYM,-1.1,2425,10081,8480,1453,2470,574,59,288,1363,400,128,1476,1840,0.291,0.395,0.475,0.87,OF-DH
Pedro Hernandez,2014,26,COL,-1.2,1,2,2,0,0,0,0,0,0,0,0,0,2,0,0,0,0,
Jason Giambi,2014,44,CLE,-1.4,2260,8908,7267,1227,2010,405,9,440,1441,20,12,1366,1572,0.277,0.399,0.516,0.916,1B-DH-OF-3B
Ryan Kalish,2014,27,CHC,-1.4,146,412,380,51,93,18,5,4,34,16,5,26,92,0.245,0.293,0.35,0.643,OF
Greg Dobbs,2014,36,WSN,-2.8,959,2272,2097,204,548,106,9,46,274,14,6,132,402,0.261,0.306,0.386,0.692,3B-1B-OF-DH
Justin Morneau,2015,35,COL,5.4,1487,6174,5496,756,1550,335,22,241,960,5,10,561,936,0.282,0.349,0.483,0.832,1B-DH
David DeJesus,2015,36,LAA,2.5,1472,5916,5220,740,1434,288,65,99,573,66,62,510,838,0.275,0.349,0.412,0.761,OF-DH
Torii Hunter,2015,40,MIN,2.3,2372,9692,8857,1296,2452,498,39,353,1391,195,99,661,1741,0.277,0.331,0.461,0.793,OF-DH
Aramis Ramirez,2015,38,PIT,1.6,2194,8986,8136,1098,2303,495,24,386,1417,29,18,633,1238,0.283,0.341,0.492,0.833,3B
Alex Rios,2015,35,KCR,1.5,1691,6929,6419,885,1778,374,63,169,794,253,77,400,1117,0.277,0.321,0.434,0.755,OF
Josh Wilson,2015,35,DET,0.8,431,1190,1095,104,251,54,7,10,84,14,4,54,247,0.229,0.28,0.319,0.599,SS-2B-3B
Wilin Rosario,2015,27,COL,0.6,447,1601,1512,204,413,83,3,71,241,11,7,73,354,0.273,0.306,0.473,0.779,C-1B
Brian Bogusevic,2015,32,PHI,0.4,321,834,748,93,178,36,4,19,67,24,7,72,204,0.238,0.311,0.373,0.684,OF
Yohan Pino,2015,32,KCR,0.2,0,0,0,0,0,0,0,0,0,0,0,0,0,,,,,
Brett Bochy,2015,28,SFG,0.1,7,0,0,0,0,0,0,0,0,0,0,0,0,,,,,
Jose De Paula,2015,28,NYY,0.1,0,0,0,0,0,0,0,0,0,0,0,0,0,,,,,
Marcus Hatley,2015,28,STL,0.1,2,0,0,0,0,0,0,0,0,0,0,0,0,,,,,
Cody Stanley,2015,27,STL,0,9,10,10,2,4,1,0,0,3,0,0,0,3,0.4,0.4,0.5,0.9,
Travis Tartamella,2015,28,STL,0,3,2,2,0,1,0,0,0,0,0,0,0,0,0.5,0.5,0.5,1,
Erik Cordier,2015,30,MIA,-0.2,15,1,0,0,0,0,0,0,0,0,0,0,0,,,,,
Juan Jaime,2015,28,LAD,-0.2,15,0,0,0,0,0,0,0,0,0,0,0,0,,,,,
Danny Dorn,2015,31,TOR,-0.3,23,32,30,0,5,1,0,0,3,0,0,2,10,0.167,0.219,0.2,0.419,
Kevin Frandsen,2015,34,SFG,-0.3,514,1363,1246,134,322,57,5,15,110,7,5,64,128,0.258,0.312,0.348,0.66,2B-3B-1B-OF-SS
Hector Gomez,2015,28,SDP,-0.3,83,162,153,18,28,12,2,1,8,0,0,5,51,0.183,0.219,0.307,0.526,
Jonathan Herrera,2015,31,CHC,-0.3,490,1345,1200,136,311,34,10,10,89,18,13,96,196,0.259,0.316,0.329,0.645,2B-SS-3B
Brent Morel,2015,29,OAK,-0.3,220,717,662,72,150,26,1,13,59,12,6,40,132,0.227,0.273,0.328,0.601,3B
Grady Sizemore,2015,33,TBR,-0.4,1101,4724,4147,660,1098,252,47,150,518,143,47,483,952,0.265,0.349,0.457,0.806,OF-DH
Jonny Gomes,2015,35,KCR,-0.5,1203,4009,3456,495,835,157,14,162,526,50,24,417,1088,0.242,0.333,0.436,0.769,OF-DH
Sugar Ray Marimon,2015,27,ATL,-0.6,14,7,6,0,2,0,0,0,0,0,0,1,3,0.333,0.429,0.333,0.762,
Corey Hart,2015,34,PIT,-1,1048,4114,3729,549,1009,221,33,162,538,85,40,286,853,0.271,0.329,0.478,0.806,OF-1B-DH
Dan Uggla,2015,36,WSN,-2.7,1346,5509,4759,759,1149,238,18,235,706,26,21,626,1341,0.241,0.336,0.447,0.783,2B
Marlon Byrd,2016,39,CLE,4.7,1573,6123,5579,740,1534,311,39,159,710,56,31,382,1234,0.275,0.329,0.43,0.759,OF
Mark Teixeira,2016,37,NYY,4.1,1862,8029,6936,1099,1862,408,18,409,1298,26,7,918,1441,0.268,0.36,0.509,0.869,1B-DH-OF
Justin Morneau,2016,36,CHW,3.8,1545,6392,5699,772,1603,349,23,247,985,5,10,573,988,0.281,0.348,0.481,0.828,1B-DH
Dioner Navarro,2016,33,TOR,2.4,1009,3551,3207,322,802,142,6,77,367,14,12,265,518,0.25,0.309,0.37,0.679,C-DH
Alexei Ramirez,2016,35,TBR,2,1371,5505,5134,601,1387,249,17,115,590,143,63,263,650,0.27,0.307,0.392,0.7,SS-2B
David Ross,2016,40,CHC,1.4,883,2644,2280,254,521,116,5,106,314,3,5,287,735,0.229,0.316,0.423,0.739,C
Kelly Johnson,2016,35,NYM,1.2,1399,5139,4543,632,1140,230,40,155,550,87,36,516,1145,0.251,0.33,0.422,0.751,2B-OF-3B-1B-DH
Will Venable,2016,34,LAD,1,967,3146,2836,378,707,118,39,81,307,135,31,254,748,0.249,0.315,0.404,0.719,OF
Angel Pagan,2016,35,SFG,0.7,1124,4465,4084,584,1143,220,55,64,414,176,51,319,638,0.28,0.33,0.408,0.738,OF
Ramiro Pena,2016,31,SFG,0.7,341,701,644,72,162,24,4,9,63,12,4,36,130,0.252,0.293,0.343,0.636,3B-SS-2B
Coco Crisp,2016,37,CLE,0.6,1586,6627,5930,877,1572,308,57,130,639,309,79,561,865,0.265,0.327,0.402,0.729,OF-DH
Dae-ho Lee,2016,35,SEA,0.4,104,317,292,33,74,9,0,14,49,0,0,20,74,0.253,0.312,0.428,0.74,1B
Kendry Flores,2016,25,MIA,0.1,7,2,2,0,0,0,0,0,0,0,0,0,2,0,0,0,0,
Jimmy Paredes,2016,28,PHI,0.1,332,1012,951,104,239,42,5,20,100,19,14,49,287,0.251,0.286,0.369,0.656,OF-DH-3B
James Beresford,2016,28,MIN,-0.1,10,24,22,0,5,1,0,0,0,0,0,1,6,0.227,0.261,0.273,0.534,
A.J. Morris,2016,30,CIN,-0.1,7,1,1,0,0,0,0,0,0,0,0,0,1,0,0,0,0,
Cole Gillespie,2016,33,MIA,-0.2,221,482,439,52,110,25,4,6,46,7,4,34,97,0.251,0.305,0.367,0.672,OF
Casey McGehee,2016,34,DET,-0.2,850,3086,2798,285,721,141,6,67,380,7,10,249,517,0.258,0.317,0.384,0.701,3B-1B
Pat Dean,2016,28,MIN,-0.3,1,0,0,0,0,0,0,0,0,0,0,0,0,,,,,
Cole Figueroa,2016,30,MIA,-0.3,48,84,77,8,16,4,1,0,9,1,0,5,6,0.208,0.25,0.286,0.536,
Xavier Scruggs,2016,29,MIA,-0.3,50,130,119,6,27,6,0,1,14,1,0,7,37,0.227,0.292,0.303,0.595,1B
Preston Guilmet,2016,29,DET,-0.4,3,0,0,0,0,0,0,0,0,0,0,0,0,,,,,
Drew Hayes,2016,29,CIN,-0.4,6,2,1,0,0,0,0,0,0,0,0,0,0,0,0,0,0,
Darin Mastroianni,2016,31,TEX,-0.4,136,317,282,35,58,5,2,4,24,25,4,24,83,0.206,0.271,0.28,0.551,OF
Nolan Reimold,2016,33,BAL,-0.4,480,1556,1378,179,339,61,7,56,174,18,7,150,356,0.246,0.323,0.422,0.745,OF-DH
Eric Campbell,2016,30,NYM,-0.5,196,505,438,53,97,18,0,7,44,9,3,53,116,0.221,0.312,0.311,0.622,3B-1B
Tim Melville,2016,27,CIN,-0.5,3,2,2,0,0,0,0,0,0,0,0,0,2,0,0,0,0,
A.J. Pierzynski,2016,40,ATL,-0.5,2059,7815,7290,807,2043,407,24,188,909,15,23,308,895,0.28,0.319,0.42,0.739,C-DH
Donn Roach,2016,27,OAK,-0.6,17,5,5,0,2,1,0,0,1,0,0,0,1,0.4,0.4,0.6,1,
Chris Parmelee,2016,29,NYY,-0.7,311,1011,917,89,227,48,3,30,98,1,5,79,239,0.248,0.313,0.405,0.717,OF-1B
Jerry Sands,2016,29,CHW,-0.7,156,464,420,36,100,22,1,10,57,3,3,38,126,0.238,0.303,0.367,0.67,OF
Jeff Francoeur,2016,33,MIA,-0.8,1480,5661,5260,626,1373,281,27,160,698,54,39,284,1080,0.261,0.303,0.416,0.719,OF
Cedric Hunter,2016,29,PHI,-0.8,19,41,38,4,4,0,0,1,1,0,1,3,6,0.105,0.171,0.184,0.355,
Andy Wilkins,2016,28,MIL,-0.8,43,72,67,5,9,3,0,1,5,1,0,5,32,0.134,0.194,0.224,0.418,
Joe Wieland,2016,27,ATL,-0.9,10,13,12,0,2,1,0,0,2,0,0,0,5,0.167,0.167,0.25,0.417,
Billy Butler,2016,31,NYY,-1,1414,5686,5105,592,1479,322,5,147,728,5,3,500,840,0.29,0.354,0.441,0.795,DH-1B
Jordan Pacheco,2016,31,ATL,-1.6,377,1149,1076,98,293,62,4,10,114,8,2,53,163,0.272,0.31,0.365,0.675,1B-3B-C
Tyler Cloyd,2016,30,NYY,,17,36,29,3,3,1,0,0,1,0,0,5,7,0.103,0.235,0.138,0.373,