,Name,Year,Age,From Team,WAR3,W,L,W-L%,ERA,G,GS,GF,CG,SHO,SV,IP,H,R,ER,HR,BB,IBB,SO,HBP,BK,WP,BF
115,John Wetteland,2000,34,TEX,5,48,45,0.516,2.93,618,17,523,0,0,330,765,616,287,249,73,252,30,804,16,1,40,3145
116,Doug Jones,2000,44,OAK,4,69,79,0.466,3.3,846,4,640,0,0,303,1128.1,1155,465,414,86,247,53,909,39,6,18,4754
117,Rick Aguilera,2000,39,CHC,3.8,86,81,0.515,3.57,732,89,557,10,0,318,1291.1,1233,568,512,138,351,42,1030,36,10,53,5391
118,Darren Holmes,2000,35,ARI,0.5,32,29,0.525,4.47,454,6,190,0,0,58,583.1,621,314,290,55,233,32,488,13,4,25,2572
119,Jim Bruske,2000,36,MIL,0.3,9,1,0.9,4.13,105,1,26,0,0,2,144,154,77,66,16,68,6,95,8,0,9,646
120,Hector Ramirez,2000,29,HOU,0.3,1,3,0.25,5.4,21,0,6,0,0,0,30,30,18,18,2,16,2,13,0,1,0,131
121,Rich Sauveur,2000,37,OAK,0.1,0,1,0,6.07,34,3,6,0,0,0,46,58,31,31,10,24,1,28,5,3,0,213
122,Lance Carter,2000,26,KCR,0,0,1,0,5.06,6,0,3,0,0,0,5.1,3,3,3,2,3,0,3,0,0,0,21
123,Brian Smith,2000,28,PIT,-0.1,0,0,,10.38,3,0,1,0,0,0,4.1,6,5,5,1,2,0,3,0,0,0,20
124,Greg McMichael,2000,34,ATL,-0.2,31,29,0.517,3.25,453,0,164,0,0,53,523.1,483,215,189,42,193,48,459,9,4,32,2213
125,Alan Newman,2000,31,CLE,-0.2,2,2,0.5,7.94,19,0,6,0,0,0,17,28,15,15,3,10,0,20,1,1,2,86
126,Dave Stevens,2000,31,ATL,-0.2,15,16,0.484,6.02,183,6,93,0,0,21,251,298,174,168,49,132,11,170,4,4,9,1163
127,Matt Williams,2000,30,NYY,-0.2,0,0,,7,11,0,1,0,0,0,9,7,7,7,2,13,0,7,1,0,0,46
128,Vicente Palacios,2000,37,CHC,-0.3,17,20,0.459,4.43,134,44,26,2,2,7,372,348,190,183,44,158,9,270,7,7,22,1576
129,Steve Rain,2000,26,CHC,-0.3,3,5,0.375,5.46,53,0,11,0,0,0,64.1,74,42,39,11,34,0,66,2,0,5,293
130,Eric Weaver,2000,27,ANA,-0.3,2,3,0.4,6.27,32,0,10,0,0,0,37.1,39,29,26,8,30,2,27,0,0,6,179
131,Ken Ray,2000,26,SFG,-0.4,1,0,1,8.74,13,0,4,0,0,0,11.1,23,12,11,2,6,0,0,1,0,0,57
132,Mark Thompson,2000,30,STL,-0.4,18,24,0.429,5.74,94,52,9,3,1,0,337,404,242,215,55,161,4,198,29,2,8,1560
133,Danny Young,2000,29,CHC,-0.4,0,1,0,21,4,0,2,0,0,0,3,5,7,7,1,6,0,0,0,0,0,20
134,Doug Bochtler,2000,30,KCR,-0.7,9,18,0.333,4.57,220,0,58,0,0,6,260,231,140,132,36,166,23,215,6,2,22,1156
135,Kip Gross,2000,36,HOU,-0.7,7,8,0.467,3.9,73,12,22,1,0,0,147.2,168,80,64,14,66,5,81,3,2,7,661
136,Scott Kamieniecki,2000,37,ATL,-0.7,53,59,0.473,4.52,250,138,37,8,0,5,975.2,1006,519,490,105,446,34,542,32,1,35,4254
137,Dennis Springer,2000,36,NYM,-1.1,23,46,0.333,5.23,125,95,14,9,4,1,635,682,407,369,105,254,6,288,37,0,19,2784
138,Andy Larkin,2000,27,KCR,-4.1,3,11,0.214,8.86,39,15,11,0,0,1,105.2,139,112,104,18,75,5,69,5,0,5,522
139,David Cone,2001,39,BOS,6,193,123,0.611,3.44,445,415,9,56,22,1,2880.2,2484,1209,1102,254,1124,41,2655,106,32,149,12099
140,Gil Heredia,2001,36,OAK,5.7,57,51,0.528,4.46,267,128,45,4,0,4,954,1079,523,473,115,221,23,547,28,2,15,4093
141,Bret Saberhagen,2001,38,BOS,3.7,167,117,0.588,3.34,399,371,13,76,16,1,2562.2,2452,1036,952,218,471,34,1715,59,12,53,10421
142,Kent Bottenfield,2001,33,HOU,3.5,46,49,0.484,4.54,292,116,49,2,1,10,911.2,950,506,460,123,385,27,566,28,3,16,4006
143,Pat Rapp,2001,34,ANA,3.4,70,91,0.435,4.68,259,239,7,9,5,0,1387.1,1468,790,721,133,683,32,825,49,1,70,6143
144,Kevin Tapani,2001,38,CHC,3.4,143,125,0.534,4.35,361,354,1,26,9,0,2265,2407,1168,1094,260,554,30,1482,53,6,44,9600
145,Jeff Shaw,2001,35,LAD,2.7,34,54,0.386,3.54,633,19,384,0,0,203,848,821,368,334,91,234,44,545,25,1,18,3549
146,Rod Beck,2001,33,BOS,1.8,35,41,0.461,3.28,642,0,479,0,0,266,708.2,651,283,258,85,171,31,597,19,3,22,2922
147,John Wasdin,2001,29,PHI,1.4,31,29,0.517,5.07,258,42,64,2,0,3,598,633,360,337,99,184,26,416,21,2,15,2586
148,Joe Slusarski,2001,35,HOU,1.3,13,21,0.382,5.18,118,34,29,1,0,3,305.2,342,189,176,45,125,9,173,15,1,10,1358
149,Bobby Witt,2001,38,ARI,1.1,142,157,0.475,4.83,430,397,13,47,11,0,2465,2493,1449,1324,252,1375,37,1955,39,26,128,11003
150,Chuck McElroy,2001,34,SDP,0.6,38,30,0.559,3.9,654,7,179,0,0,17,739.1,724,366,320,66,362,46,604,11,0,31,3233
151,Mark Leiter,2001,39,MIL,0.5,65,73,0.471,4.57,335,149,88,15,1,26,1184.1,1205,664,602,155,424,43,892,75,9,46,5154
152,Lance Painter,2001,34,MIL,0.4,25,17,0.595,5.23,292,28,55,1,0,3,432,479,266,251,63,171,14,320,15,2,20,1906
153,Russ Springer,2001,33,ARI,0.4,19,32,0.373,5.08,351,27,86,1,0,8,531.2,545,321,300,77,246,25,485,21,0,29,2366
154,Rigo Beltran,2001,32,PHI,0,2,3,0.4,4.34,76,5,28,0,0,1,105.2,109,58,51,13,43,3,106,1,0,8,465
155,J.D. Smart,2001,28,TEX,0,1,3,0.25,5.35,44,0,10,0,0,0,67.1,75,41,40,7,21,0,31,0,0,1,291
156,Mark Gardner,2001,40,SFG,-0.1,99,93,0.516,4.56,345,275,20,15,8,1,1764.2,1752,960,894,237,628,37,1256,65,13,29,7540
157,Carlton Loewer,2001,28,SDP,-0.1,9,16,0.36,6.06,43,36,2,3,1,0,216.2,267,152,146,29,68,1,107,3,0,7,963
158,Cal Eldred,2001,34,CHW,-0.2,74,68,0.521,4.57,196,191,2,19,4,0,1196.2,1172,644,607,150,510,9,789,43,2,32,5195
159,Frankie Rodriguez,2001,29,CIN,-0.2,29,39,0.426,5.53,184,82,31,3,0,5,654,737,444,402,76,282,17,371,21,1,29,2914
160,Ken Hill,2001,36,BOS,-0.3,117,109,0.518,4.06,332,315,4,19,8,0,1973,1938,977,891,162,852,43,1181,47,13,78,8520
161,Chris Seelbach,2001,29,ATL,-0.3,0,1,0,8.38,7,0,3,0,0,0,9.2,12,9,9,3,5,1,9,0,0,1,45
162,Joe Strong,2001,39,FLA,-0.3,1,1,0.5,5.81,23,0,7,0,0,1,26.1,29,17,17,4,15,1,22,2,0,2,120
163,Rusty Meacham,2001,34,TBD,-0.4,23,17,0.575,4.43,218,9,83,0,0,9,343,381,188,169,39,93,13,198,13,1,11,1490
164,Billy Taylor,2001,40,PIT,-0.4,16,28,0.364,4.21,317,0,194,0,0,100,324.2,314,172,152,27,133,32,307,18,2,2,1414
165,Eric Knott,2001,27,ARI,-0.5,0,1,0,1.93,3,1,0,0,0,0,4.2,8,9,1,0,0,0,4,2,0,0,25
166,Marc Valdes,2001,30,ATL,-0.6,12,15,0.444,4.95,144,22,35,0,0,4,250.2,281,162,138,21,118,9,135,16,2,11,1145
167,Willie Blair,2001,36,DET,-1,60,86,0.411,5.04,418,139,75,3,0,4,1274,1438,778,713,170,415,28,759,36,3,41,5572
168,Brett Hinchliffe,2001,27,NYM,-1,0,5,0,10.22,14,5,2,0,0,0,34.1,51,40,39,12,23,0,16,5,0,2,177
169,Bobby Bonilla,2001,39,STL,-3.6,0,0,,18,1,0,1,0,0,0,1,3,2,2,1,1,0,0,0,1,0,6
170,Cory Bailey,2002,32,KCR,1.9,9,10,0.474,3.96,172,0,51,0,0,1,207,208,99,91,13,116,17,150,3,2,11,908
171,Mac Suzuki,2002,28,KCR,1.4,16,31,0.34,5.72,117,67,11,1,1,0,465.2,501,326,296,67,265,16,327,18,1,44,2126
172,Chris Brock,2002,33,BAL,1.3,18,17,0.514,4.81,148,30,31,0,0,1,335,361,193,179,56,137,8,227,10,4,16,1485
173,Hipolito Pichardo,2002,33,HOU,0.7,50,44,0.532,4.44,350,68,103,3,1,20,769.2,838,425,380,54,287,36,394,35,6,29,3377
174,Doug Brocail,2002,36,HOU,0.6,28,36,0.438,3.87,338,42,96,0,0,5,563,564,271,242,60,190,20,403,21,5,23,2409
175,Dave Maurer,2002,28,CLE,-0.2,1,1,0.5,6,19,0,4,0,0,0,21,26,16,14,4,9,1,17,2,0,2,98
176,Matt Whiteside,2002,35,COL,-0.3,18,15,0.545,5.1,284,1,89,0,0,9,402.1,449,248,228,49,152,21,254,8,6,16,1769
177,Kane Davis,2002,28,NYM,-0.6,3,8,0.273,6.01,81,2,12,0,0,0,97.1,108,71,65,17,56,6,75,4,1,5,456
178,Craig Dingman,2002,29,NYY,-0.6,0,0,,9.33,17,0,8,0,0,1,18.1,29,19,19,5,6,2,10,2,0,0,88
179,Takahito Nomura,2002,34,MIL,-0.6,0,0,,8.56,21,0,2,0,0,0,13.2,11,14,13,2,18,4,9,2,1,2,71
180,Travis Smith,2002,30,STL,-1.3,4,2,0.667,6.91,13,10,0,0,0,0,56,70,44,43,10,20,0,33,3,0,2,251
181,Tim Harikkala,2002,31,MIL,,1,2,0.333,9.15,9,1,3,0,0,0,20.2,26,21,21,2,9,1,9,2,0,1,96
182,Pedro Astacio,2003,35,NYM,1.7,118,109,0.52,4.58,346,303,9,30,11,0,1971,2037,1073,1004,258,653,47,1538,108,16,52,8482
183,Darren Holmes,2003,38,ATL,1.6,35,33,0.515,4.25,557,6,212,0,0,59,680,709,348,321,63,256,36,581,15,4,26,2966
184,Scott Mullen,2003,29,LAD,0.8,4,5,0.444,4.66,75,1,17,0,0,0,67.2,76,38,35,9,35,2,35,3,0,2,313
185,Hector Carrasco,2003,34,BAL,0.6,30,42,0.417,4.22,498,1,161,0,0,16,605.1,596,312,284,45,299,24,482,21,6,70,2687
186,John Bale,2003,30,CIN,0.3,2,2,0.5,4.69,27,9,3,0,0,0,78.2,75,48,41,11,34,2,68,5,0,2,340
187,Hector Mercado,2003,30,PHI,0.3,5,4,0.556,4.55,112,3,25,0,0,1,124.2,117,67,63,15,75,3,127,4,1,10,559
188,Kevin Ohme,2003,33,STL,0.3,0,0,,0,2,0,0,0,0,0,4.1,3,0,0,0,1,1,2,0,0,1,17
189,Josias Manzanillo,2003,36,CIN,0.2,10,12,0.455,4.56,241,1,76,0,0,5,309.2,292,174,157,40,138,18,273,15,0,16,1351
190,Manny Aybar,2003,32,SFG,-0.2,17,18,0.486,5.05,186,28,49,0,0,3,365.2,382,227,205,45,165,9,246,15,5,13,1635
191,Mike Fetters,2003,39,MIN,-0.3,31,40,0.437,3.73,597,6,286,0,0,99,698,676,338,289,60,337,37,504,30,4,53,3046
192,Graeme Lloyd,2003,37,KCR,-0.4,30,36,0.455,4.04,568,0,175,0,0,17,533,560,274,239,51,161,36,304,23,0,23,2293
193,Bill Pulsipher,2003,30,BAL,-0.4,13,19,0.406,5.13,101,46,11,2,0,0,323,356,196,184,44,139,6,201,11,3,9,1433
194,Jose Mercedes,2003,33,MON,-0.5,33,39,0.458,4.75,145,79,18,5,1,0,583,617,336,308,75,223,8,310,21,4,13,2530
195,Dan Serafini,2003,30,CIN,-0.6,15,16,0.484,5.98,101,33,15,1,0,1,263.1,335,189,175,37,116,6,127,7,0,10,1222
196,Russ Springer,2003,35,STL,-1.2,20,33,0.377,5.18,368,27,90,1,0,8,549,564,337,316,85,252,25,496,22,0,30,2443
197,Ken Ray,2003,29,MIL,,1,0,1,8.74,13,0,4,0,0,0,11.1,23,12,11,2,6,0,0,1,0,0,57
198,Robin Ventura,2004,37,LAD,5.6,0,0,,0,1,0,1,0,0,0,1,1,0,0,0,0,0,0,0,0,0,4
199,Curt Leskanic,2004,37,BOS,2,50,34,0.595,4.36,603,11,244,0,0,55,712.2,678,365,345,80,362,23,641,17,6,46,3111
200,Pat Hentgen,2004,36,TOR,1.7,131,112,0.539,4.32,344,306,15,34,10,1,2075.1,2111,1076,996,269,775,29,1290,49,10,66,8925
201,Dan Miceli,2004,34,HOU,1.6,41,48,0.461,4.47,579,9,208,0,0,35,650.1,640,354,323,88,277,44,595,18,4,40,2841
202,Brian Boehringer,2004,36,PIT,1.1,26,32,0.448,4.36,356,21,98,0,0,3,534.2,522,280,259,64,274,34,432,18,1,10,2375
203,Leo Estrella,2004,30,SFG,0.6,7,3,0.7,4.88,62,0,19,0,0,3,72,92,39,39,11,22,5,28,3,1,2,324
204,Todd Zeile,2004,39,NYM,0.4,0,0,,22.5,2,0,2,0,0,0,2,5,5,5,0,2,0,1,0,0,0,12
205,Jason Shiell,2004,28,BOS,0.1,2,0,1,5.84,20,0,6,0,0,1,24.2,30,17,16,4,20,2,24,2,0,2,123
206,Darwin Cubillan,2004,32,BAL,0,1,0,1,6.85,56,0,17,0,0,0,69.2,96,56,53,13,44,1,54,1,0,3,343
207,Marc Kroon,2004,32,COL,0,0,2,0,7.43,26,0,8,0,0,0,26.2,29,23,22,3,26,0,23,2,1,4,133
208,Lino Urdaneta,2004,25,DET,0,0,0,,inf,1,0,0,0,0,0,0,5,6,6,0,1,0,0,0,0,0,6
209,Scott Service,2004,38,ARI,-0.1,20,22,0.476,4.99,338,1,101,0,0,16,416.1,435,245,231,56,182,28,413,26,1,25,1853
210,Ben Ford,2004,29,MIL,-0.3,1,2,0.333,7.8,31,2,7,0,0,0,45,52,40,39,7,20,0,23,7,0,1,208
211,Bobby Jones,2004,33,BOS,-0.3,14,21,0.4,5.77,99,47,8,1,0,0,324.2,366,227,208,45,195,4,229,16,1,8,1517
212,Carlos Pulido,2004,33,MIN,-0.3,3,8,0.273,5.98,32,15,5,0,0,0,111.1,118,79,74,19,47,2,47,2,2,4,486
213,Mike Holtz,2004,32,TBD,-0.4,16,20,0.444,4.68,350,0,66,0,0,3,238.1,242,143,124,25,127,17,221,14,0,18,1078
214,Kevin Frederick,2004,28,TOR,-0.6,0,2,0,7.59,30,0,7,0,0,0,40.1,45,34,34,7,26,1,27,1,0,2,189
215,Dave Maurer,2004,30,TOR,-0.6,1,1,0.5,8.87,22,0,4,0,0,0,22.1,32,24,22,5,14,1,18,2,0,2,113
216,Mike Fetters,2004,40,ARI,-0.7,31,41,0.431,3.86,620,6,292,0,0,100,716.2,699,360,307,62,351,39,518,31,4,57,3140
217,Brad Thomas,2004,27,BOS,-0.7,0,3,0,9.89,11,5,1,0,0,0,23.2,33,26,26,7,18,1,8,1,0,3,120
218,Jason Boyd,2004,32,PIT,-0.9,5,2,0.714,5.74,113,0,34,0,0,0,133.1,128,93,85,16,75,7,97,8,0,7,601
219,Shane Loux,2004,25,DET,-0.9,1,4,0.2,7.71,14,7,1,0,0,0,44.1,56,40,38,8,15,1,15,5,0,2,204
220,Micheal Nakamura,2004,28,TOR,-0.9,0,3,0,7.51,31,0,9,0,0,1,38.1,47,34,32,11,9,0,38,3,0,3,176
221,Jesus Sanchez,2004,30,TOR,-0.9,23,34,0.404,5.32,162,83,18,2,2,0,524.2,564,334,310,82,281,22,384,15,7,21,2363
222,Mickey Callaway,2004,30,TEX,-1,4,11,0.267,6.27,40,20,11,0,0,0,130.2,166,104,91,17,58,2,86,6,1,5,608
223,Adrian Hernandez,2004,30,MIL,-1.2,0,6,0,6.55,14,5,3,0,0,0,44,45,36,32,10,30,1,33,2,0,8,209
224,Adam Pettyjohn,2004,28,OAK,,1,6,0.143,5.82,16,9,1,0,0,0,65,81,48,42,10,21,2,40,4,0,2,293
225,Roger Clemens,2005,43,HOU,17.6,341,172,0.665,3.12,672,671,0,118,46,0,4704.1,3997,1799,1632,347,1520,62,4502,150,20,133,19369
226,Kevin Brown,2005,41,NYY,6.9,211,144,0.594,3.28,486,476,1,72,17,0,3256.1,3079,1357,1185,208,901,42,2397,139,15,108,13542
227,Ugueth Urbina,2005,32,PHI,3.9,44,49,0.473,3.45,583,21,408,0,0,237,697.1,539,289,267,86,307,30,814,6,6,29,2918
228,Shigetoshi Hasegawa,2005,37,SEA,3.5,45,43,0.511,3.7,517,8,191,0,0,33,720.1,691,323,296,76,265,37,447,18,6,16,3031
229,Paul Quantrill,2005,37,FLA,2.8,68,78,0.466,3.83,841,64,228,1,1,21,1255.2,1442,601,534,112,336,68,725,45,8,5,5428
230,Shingo Takatsu,2005,37,NYM,2.1,8,6,0.571,3.38,99,0,69,0,0,27,98.2,81,38,37,17,40,5,88,2,0,2,413
231,Cal Eldred,2005,38,STL,1.5,86,74,0.538,4.42,341,192,45,19,4,9,1368,1340,716,672,173,576,17,939,50,2,39,5930
232,Jim Mecir,2005,36,FLA,1.3,29,35,0.453,3.77,474,0,126,0,0,12,527,482,240,221,41,225,28,450,23,1,19,2263
233,Chad Fox,2005,35,CHC,0.8,10,11,0.476,3.57,214,0,49,0,0,6,224.1,193,96,89,21,128,12,261,9,2,22,995
234,Jose Santiago,2005,31,NYM,0.8,17,22,0.436,4.36,229,0,63,0,0,4,299,336,155,145,28,95,12,153,13,1,4,1314
235,Buddy Groom,2005,40,ARI,0.7,31,32,0.492,4.64,786,15,195,0,0,27,734.2,825,403,379,73,260,36,494,21,4,20,3226
236,T.J. Tucker,2005,27,WSN,0.6,13,9,0.591,4.57,171,10,42,0,0,4,228.2,263,127,116,27,73,16,140,8,1,8,1009
237,Masao Kida,2005,37,SEA,0.1,1,1,0.5,5.83,65,2,24,0,0,1,95.2,114,66,62,9,39,3,68,6,0,10,432
238,Jason Christiansen,2005,36,LAA,0,27,26,0.509,4.3,528,0,128,0,0,16,433.2,409,220,207,37,217,34,384,15,2,27,1911
239,Manny Aybar,2005,34,NYM,-0.2,17,18,0.486,5.11,208,28,53,0,0,3,391,413,244,222,49,172,10,273,16,5,13,1749
240,Jeff Bennett,2005,26,MIL,-0.2,1,5,0.167,4.79,60,0,20,0,0,0,71.1,78,43,38,12,26,2,45,2,0,6,316
241,Joe Horgan,2005,29,WSN,-0.2,4,1,0.8,5.48,55,0,13,0,0,2,46,54,33,28,5,26,3,35,4,0,1,222
242,David Sanders,2005,26,CHW,-0.3,0,0,,6.75,22,0,7,0,0,0,24,28,19,18,6,12,0,15,1,0,0,112
243,Jimmy Journell,2005,28,STL,-0.4,0,1,0,7.43,12,0,5,0,0,0,13.1,16,13,11,1,16,0,13,0,0,1,71
244,Jay Powell,2005,34,ATL,-0.5,36,23,0.61,4.17,512,0,161,0,0,22,542.1,543,295,251,42,272,30,423,21,1,20,2414
245,Mike Matthews,2005,32,NYM,-1,14,10,0.583,4.54,230,10,47,0,0,1,243.2,237,129,123,29,121,16,175,13,3,19,1073
246,Ismael Valdez,2005,32,FLA,-1.2,104,105,0.498,4.09,325,288,12,13,6,1,1827.1,1872,892,830,234,523,39,1173,47,18,23,7760
247,Denny Stark,2005,31,COL,-2.3,15,13,0.536,5.78,64,42,3,0,0,0,254,290,192,163,51,123,9,120,8,1,5,1169
248,Roger Clemens,2006,44,HOU,17.1,348,178,0.662,3.1,691,690,0,118,46,0,4817.2,4086,1833,1661,354,1549,63,4604,154,20,136,19820
249,Brad Radke,2006,34,MIN,10.2,148,139,0.516,4.22,378,377,0,37,10,0,2451,2643,1233,1150,326,445,12,1467,62,3,28,10244
250,Kent Mercker,2006,39,CIN,2.8,73,67,0.521,4.16,677,150,152,2,1,25,1311.2,1294,671,607,153,599,46,911,32,15,54,5734
251,Rick Helling,2006,36,MIL,2,93,81,0.534,4.68,301,234,22,10,4,0,1526.1,1540,842,793,247,562,24,1058,48,4,48,6564
252,Giovanni Carrara,2006,39,LAD,1.9,29,18,0.617,4.69,313,18,72,1,0,4,472.1,487,260,246,74,202,22,338,21,0,9,2079
253,Lance Carter,2006,32,LAD,1.5,13,12,0.52,4.15,181,0,112,0,0,29,253.2,245,119,117,38,73,10,127,6,0,3,1062
254,Aaron Small,2006,35,NYY,1.3,25,13,0.658,5.2,172,15,45,1,1,4,321.2,380,202,186,37,137,12,170,14,0,12,1454
255,Jason Johnson,2006,33,CIN,0.8,55,98,0.359,4.99,239,219,3,6,1,0,1327.2,1489,812,736,176,486,22,790,55,2,62,5866
256,Esteban Yan,2006,32,KCR,0.8,33,39,0.458,5.14,472,23,224,0,0,51,695.1,754,426,397,105,270,27,553,47,2,52,3096
257,Troy Percival,2006,37,DET,0.7,30,41,0.423,3.1,605,0,489,0,0,324,611.2,412,229,211,70,264,25,700,25,2,26,2519
258,Brian Sweeney,2006,33,SDP,0.4,3,0,1,3.49,49,2,18,0,0,2,80,80,33,31,7,19,5,40,2,0,3,335
259,Mike Bacsik,2006,29,ARI,0.3,5,5,0.5,5.88,22,15,2,1,0,0,98,120,68,64,15,31,4,52,7,0,0,440
260,Brian Meadows,2006,31,TBD,0.3,47,62,0.431,5.05,336,122,62,3,0,10,960.2,1146,582,539,139,259,44,454,19,2,29,4208
261,Julio Manon,2006,34,BAL,0,1,3,0.25,4.66,45,0,15,0,0,1,48.1,49,26,25,8,33,2,37,3,0,1,228
262,Jason Childers,2006,32,TBD,-0.1,0,1,0,4.7,5,0,0,0,0,0,7.2,12,6,4,1,4,0,5,0,0,1,40
263,Nelson Figueroa,2006,33,WSN,-0.1,7,17,0.292,4.65,74,33,6,0,0,0,261.1,268,143,135,42,103,12,152,13,0,14,1140
264,Chris Mabeus,2006,28,MIL,-0.1,0,0,,21.6,1,0,0,0,0,0,1.2,4,4,4,1,3,0,2,0,0,3,12
265,Winston Abreu,2006,30,BAL,-0.2,0,0,,10.13,7,0,2,0,0,0,8,10,10,9,1,6,1,6,1,0,0,42
266,Jose Diaz,2006,27,KCR,-0.2,0,0,,10.8,4,0,1,0,0,0,6.2,10,8,8,2,8,0,3,1,0,2,38
267,Kris Wilson,2006,30,NYY,-0.2,14,9,0.609,5.44,95,20,23,0,0,1,243.1,305,169,147,53,68,6,142,15,1,1,1093
268,Valerio De Los Santos,2006,34,CHW,-0.3,9,12,0.429,4.54,233,2,45,0,0,1,248,219,132,125,36,116,15,197,11,1,15,1067
269,Britt Reames,2006,33,PIT,-0.3,7,13,0.35,5.28,101,26,15,0,0,0,218,226,145,128,32,118,11,204,10,1,8,986
270,Seth Etherton,2006,30,KCR,-0.5,9,7,0.563,6.3,23,23,0,0,0,0,115.2,133,83,81,27,48,1,63,4,1,3,529
271,Jared Fernandez,2006,35,MIL,-0.5,4,7,0.364,5.05,37,17,10,0,0,0,108.2,126,70,61,10,48,3,61,7,0,7,494
272,Ryan Vogelsong,2006,29,PIT,-0.8,10,22,0.313,5.86,120,33,41,0,0,0,315,347,217,205,36,154,14,216,29,1,17,1453
273,Travis Harper,2006,31,TBD,-0.9,22,29,0.431,4.94,240,14,61,1,1,2,411.2,451,248,226,61,136,24,271,26,1,17,1806
274,Kevin Jarvis,2006,37,BOS,-1.4,34,49,0.41,6.03,187,118,22,4,3,1,780.2,937,568,523,149,262,23,453,23,0,21,3492
275,Brandon Knight,2006,31,PIT,,0,0,,10.71,11,0,7,0,0,0,19.1,29,24,23,7,8,0,14,0,0,1,93
276,Shane Loux,2006,27,KCR,,1,4,0.2,7.71,14,7,1,0,0,0,44.1,56,40,38,8,15,1,15,5,0,2,204
277,Roger Clemens,2007,45,NYY,13.3,354,184,0.658,3.12,709,707,0,118,46,0,4916.2,4185,1885,1707,363,1580,63,4672,159,20,143,20240
278,Freddy Garcia,2007,31,PHI,7.2,117,76,0.606,4.07,263,262,0,12,4,0,1701.2,1658,814,770,203,548,30,1252,56,8,74,7216
279,Jeff Cirillo,2007,38,ARI,3.8,0,0,,0,1,0,1,0,0,0,1,0,0,0,0,2,0,1,0,0,0,5
280,Akinori Otsuka,2007,36,TEX,3.7,13,15,0.464,2.44,236,0,96,0,0,39,232,190,71,63,12,80,15,217,2,0,4,951
281,David Wells,2007,45,LAD,3.7,239,157,0.604,4.13,660,489,65,54,12,13,3439,3635,1702,1578,407,719,65,2201,83,17,101,14413
282,Bob Wickman,2007,39,ARI,3.1,63,61,0.508,3.57,835,28,511,1,1,267,1059,1051,469,420,80,432,45,785,38,2,32,4586
283,Jae Weong Seo,2007,31,TBD,2.2,28,40,0.412,4.6,118,102,8,1,0,0,606.1,691,341,310,86,184,23,340,17,2,10,2639
284,Roberto Hernandez,2007,43,LAD,1.8,67,71,0.486,3.45,1010,3,667,0,0,326,1071.1,1002,475,411,96,462,53,945,35,1,50,4632
285,Bruce Chen,2007,31,TEX,1.7,35,37,0.486,4.63,242,112,39,2,0,0,807,808,459,415,154,314,22,642,19,2,16,3495
286,Rodrigo Lopez,2007,32,COL,1.3,65,65,0.5,4.8,187,161,5,5,2,0,1016.2,1113,577,542,144,315,21,674,28,5,19,4404
287,John Thomson,2007,34,KCR,0.7,63,85,0.426,4.68,216,212,2,10,3,0,1270.1,1398,734,661,154,369,26,800,28,3,23,5470
288,Rheal Cormier,2007,41,ATL,0.6,71,64,0.526,4.03,683,108,105,7,1,2,1221.2,1248,604,547,121,317,37,760,51,4,39,5157
289,Jerome Williams,2007,26,MIN,0.4,23,29,0.442,4.25,76,71,1,2,1,0,425.1,407,223,201,46,171,6,258,35,3,8,1837
290,Aaron Rakers,2007,31,SDP,0.3,1,0,1,3.32,14,0,3,0,0,0,19,17,7,7,3,4,0,14,0,0,0,78
291,Aaron Sele,2007,38,NYM,0.3,148,112,0.569,4.61,404,352,15,15,9,0,2153,2413,1208,1102,225,798,39,1407,112,2,54,9534
292,Marty McLeary,2007,33,PIT,0.2,2,0,1,5.28,12,2,3,0,0,0,29,33,19,17,7,10,1,17,0,0,1,127
293,Todd Williams,2007,37,COL,0.2,12,14,0.462,4.33,227,0,49,0,0,2,232.2,260,125,112,23,87,11,116,14,1,11,1033
294,Joe Kennedy,2007,29,TOR,0,43,61,0.413,4.79,222,139,24,7,2,2,908.2,1001,536,484,105,335,23,558,55,3,36,4015
295,Eric Milton,2007,32,CIN,0,87,84,0.509,5.01,266,265,0,10,4,0,1558.2,1635,923,868,265,447,14,1107,33,0,29,6718
296,Bret Prinz,2007,31,PIT,0,5,4,0.556,4.89,102,0,46,0,0,9,92,99,52,50,13,50,5,64,3,1,6,419
297,Mike Schultz,2007,28,ARI,0,0,0,,0,1,0,1,0,0,0,1,1,0,0,0,0,0,1,0,0,0,3
298,Lino Urdaneta,2007,28,NYM,0,0,0,,63,3,0,0,0,0,0,1,7,7,7,1,1,0,0,0,0,0,11
299,Mike Wood,2007,28,TEX,0,16,22,0.421,5.49,115,39,17,0,0,2,344,419,237,210,54,125,14,183,27,1,21,1565
300,Tim Harikkala,2007,36,COL,-0.1,7,8,0.467,5.98,73,2,19,0,0,0,99.1,106,67,66,15,37,6,48,3,1,1,433
301,Yoel Hernandez,2007,28,PHI,-0.1,0,0,,5.28,14,0,7,0,0,0,15.1,20,9,9,2,1,1,13,0,0,0,67
302,Dan Serafini,2007,34,COL,-0.1,15,16,0.484,6.04,104,33,15,1,0,1,263.2,335,191,177,37,118,6,127,8,1,10,1226
303,David Williams,2007,29,NYM,-0.1,22,31,0.415,4.83,82,72,3,1,1,0,408,411,237,219,64,165,15,245,28,3,8,1778
304,Kevin Barry,2007,29,ATL,-0.2,1,1,0.5,6.83,20,1,8,0,0,0,27.2,30,21,21,2,16,0,23,1,0,1,129
305,Travis Driskill,2007,36,HOU,-0.2,11,14,0.44,5.23,57,19,15,0,0,1,196,236,125,114,30,61,3,123,9,0,9,876
306,Jose Mesa,2007,42,PHI,-0.5,80,109,0.423,4.36,1022,95,633,6,2,321,1548.2,1629,811,750,151,651,57,1038,55,5,75,6804
307,Winston Abreu,2007,31,WSN,-0.7,0,1,0,6.81,33,0,5,0,0,0,38.1,47,31,29,8,15,2,32,1,1,2,175
308,Antonio Alfonseca,2007,36,PHI,-0.7,35,37,0.486,4.11,592,0,301,0,0,129,613,677,296,280,55,250,45,400,22,2,13,2710
309,Ramon Ortiz,2007,35,COL,-0.9,84,80,0.512,4.9,258,210,28,10,1,0,1359.2,1468,802,740,217,462,26,841,68,17,42,5944
310,Jason Simontacchi,2007,34,WSN,-0.9,26,17,0.605,5.09,96,53,13,1,0,1,355.2,399,213,201,57,125,8,191,15,0,6,1552
311,Wes Obermueller,2007,31,FLA,-1.2,11,22,0.333,5.82,80,48,9,1,1,0,315.1,379,220,204,42,141,9,166,18,0,14,1454
312,Russ Ortiz,2007,34,SFG,-3,110,82,0.573,4.42,282,253,9,9,3,0,1568.2,1513,839,771,171,807,34,1121,41,2,53,6894
313,Brad Thomas,2007,30,SEA,,0,3,0,9.89,11,5,1,0,0,0,23.2,33,26,26,7,18,1,8,1,0,3,120
314,Mike Mussina,2008,40,NYY,11.1,270,153,0.638,3.68,537,536,0,57,23,0,3562.2,3460,1559,1458,376,785,29,2813,60,1,71,14593
315,Ben Sheets,2008,30,MIL,8.1,86,83,0.509,3.72,221,221,0,18,4,0,1428,1402,650,591,160,313,25,1206,31,1,49,5922
316,Greg Maddux,2008,43,LAD,5.8,355,227,0.61,3.16,744,740,3,109,35,0,5008.1,4726,1981,1756,353,999,177,3371,137,28,70,20421
317,Paul Byrd,2008,38,BOS,3.2,108,93,0.537,4.38,338,250,30,17,6,0,1663,1810,907,809,243,390,23,912,62,7,35,7111
318,Lee Gardner,2008,34,FLA,2.3,4,5,0.444,3.01,86,0,25,0,0,2,101.2,110,47,34,9,32,4,68,6,0,1,451
319,Chuck James,2008,27,ATL,2.2,24,19,0.558,4.48,64,55,0,0,0,0,315.2,305,162,157,62,128,9,234,10,2,5,1364
320,Jon Lieber,2008,39,CHC,1.9,131,124,0.514,4.27,401,327,18,25,5,2,2198,2388,1158,1043,285,422,52,1553,49,13,30,9300
321,Mike Timlin,2008,43,BOS,1.6,75,73,0.507,3.63,1058,4,467,0,0,141,1204.1,1168,533,486,118,377,72,872,47,3,31,5082
322,Aquilino Lopez,2008,34,DET,1.4,6,6,0.5,3.78,159,0,69,0,0,15,207.1,199,94,87,23,82,13,167,11,2,9,903
323,Franklyn German,2008,29,CHW,1.1,9,7,0.563,4.25,155,0,52,0,0,7,158.2,155,82,75,17,119,12,114,11,2,15,740
324,Pedro Martinez,2008,37,NYM,1.1,214,99,0.684,2.91,467,400,23,46,17,3,2782.2,2173,988,901,232,752,30,3117,137,6,62,11203
325,Rudy Seanez,2008,40,PHI,1,41,30,0.577,4.1,544,0,159,0,0,12,566,515,285,258,58,285,28,574,15,1,48,2477
326,Keith Foulke,2008,36,OAK,0.9,41,37,0.526,3.33,619,8,406,0,0,191,786.2,652,300,291,94,194,24,718,44,2,14,3201
327,Kent Mercker,2008,41,CIN,0.6,74,67,0.525,4.16,692,150,157,2,1,25,1325.1,1307,676,612,154,607,47,917,32,15,55,5792
328,Justin Germano,2008,26,SDP,0.3,8,16,0.333,5.27,47,35,7,0,0,0,205,226,131,120,25,70,6,119,10,0,5,900
329,Ray King,2008,35,HOU,0.3,20,23,0.465,3.46,593,0,97,0,0,2,411,376,178,158,34,181,17,278,17,1,16,1747
330,Ryan Bukvich,2008,31,BAL,0.2,3,0,1,6.16,97,0,21,0,0,1,87.2,89,65,60,11,71,4,62,4,0,6,422
331,Todd Jones,2008,41,DET,0.2,58,63,0.479,3.97,982,1,619,0,0,319,1072,1072,518,473,93,443,62,868,38,1,43,4650
332,Matt Wise,2008,33,NYM,0.1,17,22,0.436,4.23,209,18,47,0,0,2,317,298,164,149,40,106,12,244,12,3,4,1349
333,Brian Falkenborg,2008,31,SDP,-0.1,3,5,0.375,5.59,64,0,17,0,0,0,75.2,91,50,47,10,36,3,62,5,0,4,350
334,Ricardo Rincon,2008,39,NYM,-0.3,21,24,0.467,3.59,565,0,128,0,0,21,443.2,384,200,177,41,201,32,400,11,4,14,1895
335,Scott Dohmann,2008,31,TBR,-0.4,9,8,0.529,5.32,164,0,55,0,0,1,172.2,180,105,102,28,96,10,166,4,0,8,774
336,Marino Salas,2008,27,PIT,-0.4,1,0,1,8.47,13,0,4,0,0,0,17,25,16,16,4,14,3,9,2,0,4,88
337,Francisco Cruceta,2008,27,DET,-0.5,0,4,0,7.96,19,3,9,0,0,0,26,33,25,23,5,20,1,22,1,0,5,129
338,Scott Elarton,2008,33,CLE,-1,56,61,0.479,5.29,232,170,19,4,1,3,1065.1,1107,675,626,192,418,13,698,40,1,39,4681
339,Runelvys Hernandez,2008,31,HOU,-1.6,25,36,0.41,5.5,82,82,0,1,1,0,454.2,515,294,278,61,188,1,246,20,3,11,2025
340,Mark Redman,2008,35,COL,-1.8,68,85,0.444,4.85,219,203,4,12,2,0,1238.2,1364,712,668,141,407,19,747,35,10,58,5371
341,Mark Mulder,2008,31,STL,-2,103,60,0.632,4.18,205,203,1,25,10,0,1314,1352,657,611,141,412,15,834,50,1,47,5562
342,Jarrod Washburn,2009,35,DET,6.3,107,109,0.495,4.1,312,300,4,9,4,1,1863.2,1855,900,848,240,569,21,1103,65,3,30,7889
343,Randy Johnson,2009,46,SFG,4.4,303,166,0.646,3.29,618,603,7,100,37,2,4135.1,3346,1703,1513,411,1497,37,4875,190,33,109,17067
344,John Smoltz,2009,43,STL,4.4,213,155,0.579,3.33,723,481,204,53,16,154,3473,3074,1391,1284,288,1010,84,3084,57,16,145,14271
345,David Weathers,2009,40,MIL,3.8,73,88,0.453,4.25,964,69,304,0,0,75,1376.1,1432,711,650,133,604,78,976,57,6,41,6071
346,Russ Springer,2009,41,TBR,3.6,36,45,0.444,4.52,738,27,168,1,0,9,854.2,822,457,429,121,349,33,774,35,0,39,3709
347,Paul Byrd,2009,39,BOS,3.2,109,96,0.532,4.41,345,256,30,17,6,0,1697,1857,929,831,247,401,23,923,62,7,35,7266
348,Chad Bradford,2009,35,TBR,3.1,36,28,0.563,3.26,561,0,115,0,0,11,515.2,527,214,187,28,137,39,313,29,3,4,2180
349,Scott Eyre,2009,38,PHI,1.8,28,30,0.483,4.23,617,32,107,0,0,4,649.1,654,337,305,83,332,27,537,15,0,41,2881
350,Doug Brocail,2009,43,HOU,1.7,52,48,0.52,4,626,42,175,0,0,9,880,885,436,391,85,310,34,642,35,7,33,3793
351,Braden Looper,2009,35,MIL,1.7,72,65,0.526,4.15,670,97,315,1,1,103,1176,1242,594,542,132,373,39,669,40,6,21,5067
352,Justin Hampson,2009,30,OAK,1.5,5,4,0.556,3.38,79,1,20,0,0,0,96,98,38,36,5,31,6,62,4,0,1,405
353,Jason Isringhausen,2009,37,TBR,1,45,50,0.474,3.6,621,52,467,3,1,293,915.1,821,405,366,72,394,38,755,33,2,49,3924
354,Mark Loretta,2009,38,LAD,0.9,0,0,,0,2,0,2,0,0,0,1.1,1,0,0,0,1,0,2,1,0,0,7
355,Pedro Martinez,2009,38,PHI,0.9,219,100,0.687,2.93,476,409,23,46,17,3,2827.1,2221,1006,919,239,760,30,3154,141,6,62,11394
356,Randy Messenger,2009,28,SEA,0.9,4,12,0.25,4.87,173,0,49,0,0,2,184.2,225,104,100,21,80,15,120,3,0,6,844
357,Brian Wolfe,2009,29,TOR,0.7,5,5,0.5,3.81,72,0,24,0,0,0,82.2,79,38,35,12,22,4,47,3,0,2,337
358,Troy Percival,2009,40,TBR,0.6,35,43,0.449,3.17,703,1,546,0,0,358,708.2,479,271,250,85,306,25,781,27,2,32,2915
359,Doug Waechter,2009,29,KCR,0.5,18,27,0.4,5.34,113,54,16,1,1,0,384.1,427,250,228,68,129,10,226,15,3,8,1698
360,Mike Hampton,2009,37,HOU,0.4,148,115,0.563,4.07,409,355,9,21,9,1,2264,2367,1157,1024,200,900,48,1384,49,13,75,9808
361,Billy Sadler,2009,28,HOU,0.4,0,1,0,4.53,39,0,10,0,0,0,49.2,41,26,25,8,30,4,50,9,0,8,224
362,Eric Milton,2009,34,LAD,0.2,89,85,0.511,4.99,271,270,0,10,4,0,1582.1,1665,935,878,267,453,14,1127,35,0,29,6826
363,Edgar Gonzalez,2009,27,OAK,0.1,14,25,0.359,5.88,106,41,20,0,0,0,323,391,219,211,56,113,16,207,21,2,21,1457
364,Carlos Martinez,2009,28,FLA,-0.1,0,1,0,4.11,16,0,5,0,0,0,15.1,16,7,7,4,9,0,15,1,0,0,70
365,Chad Fox,2009,39,CHC,-0.2,10,12,0.455,3.79,219,0,50,0,0,6,228,197,103,96,22,134,12,262,9,2,24,1015
366,Jorge Julio,2009,31,PIT,-0.3,17,34,0.333,4.43,453,0,265,0,0,99,467,437,259,230,65,233,21,448,19,1,52,2065
367,Glendon Rusch,2009,35,COL,-0.3,67,99,0.404,5.04,342,220,31,11,3,4,1477.1,1732,880,827,191,460,27,1088,40,5,19,6513
368,Denny Stark,2009,35,SEA,-0.3,15,14,0.517,5.81,73,42,9,0,0,0,265,303,201,171,53,133,9,127,8,1,6,1223
369,Jason Schmidt,2009,37,LAD,-0.5,130,96,0.575,3.96,323,314,1,20,9,0,1996.1,1846,958,878,184,792,35,1758,52,11,93,8532
370,Billy Traber,2009,30,BOS,-0.5,12,14,0.462,5.65,96,28,8,1,1,0,215,267,140,135,29,75,10,152,17,0,8,987
371,Jerome Williams,2009,28,OAK,-0.6,23,29,0.442,4.25,76,71,1,2,1,0,425.1,407,223,201,46,171,6,258,35,3,8,1837
372,Yasuhiko Yabuta,2009,37,KCR,-0.6,3,4,0.429,7.14,43,0,15,0,0,0,51.2,70,42,41,9,24,0,34,0,0,5,245
373,Tomo Ohka,2009,34,CLE,-0.8,51,68,0.429,4.26,202,178,11,5,1,0,1070,1182,568,506,140,302,27,590,34,2,35,4620
374,Buddy Carlyle,2009,32,ATL,-0.9,11,11,0.5,5.61,104,27,17,0,0,0,245.2,262,164,153,40,94,18,189,6,1,10,1070
375,Chris Bootcheck,2009,31,PIT,-1.1,3,7,0.3,6.54,90,3,32,0,0,1,147.1,178,111,107,19,64,4,105,6,1,10,677
376,Casey Fossum,2009,32,CHC,-1.6,40,53,0.43,5.45,237,120,35,0,0,2,786,873,535,476,114,319,14,607,63,5,28,3537
377,Adam Eaton,2009,32,COL,-2.8,71,68,0.511,4.94,209,201,4,3,0,0,1178.2,1253,688,647,167,448,33,855,52,1,35,5167
378,Andy Pettitte,2010,39,NYY,8.2,240,138,0.635,3.88,489,479,3,25,4,0,3055.1,3185,1461,1317,263,962,41,2251,51,11,62,12987
379,Ben Sheets,2010,32,OAK,4.2,90,92,0.495,3.79,241,241,0,18,4,0,1547.1,1525,715,651,178,356,27,1290,31,1,52,6433
380,Jamie Moyer,2010,48,PHI,3.3,267,204,0.567,4.24,686,628,15,33,10,0,4020.1,4156,2036,1892,511,1137,67,2405,144,12,57,17102
381,Russ Springer,2010,42,CIN,1.9,36,45,0.444,4.52,740,27,168,1,0,9,856.1,824,458,430,121,349,33,775,35,0,39,3716
382,Brian Bannister,2010,30,KCR,1.5,37,50,0.425,5.08,117,114,2,2,0,0,667.1,724,407,377,86,224,8,384,22,3,35,2914
383,Trevor Hoffman,2010,43,MIL,1.5,61,75,0.449,2.87,1035,0,856,0,0,601,1089.1,846,378,347,100,307,58,1133,9,0,49,4388
384,Dustin Nippert,2010,30,TEX,1.3,14,16,0.467,5.31,119,23,24,0,0,0,268,290,163,158,35,136,7,214,11,1,11,1218
385,Chan Ho Park,2010,38,PIT,1.3,124,98,0.559,4.36,476,287,52,10,3,2,1993,1872,1046,965,230,910,35,1715,138,14,75,8714
386,Elmer Dessens,2010,40,NYM,0.9,52,64,0.448,4.44,441,140,64,2,1,5,1174.1,1300,628,579,145,348,45,693,24,4,22,5062
387,Brandon Medders,2010,31,SFG,0.9,16,7,0.696,3.61,210,0,51,0,0,1,234.2,233,108,94,27,104,11,175,9,0,7,1027
388,Erick Threets,2010,29,CHW,0.7,0,1,0,3.28,21,0,8,0,0,0,24.2,25,10,9,1,15,2,13,3,0,2,110
389,Edwar Ramirez,2010,30,OAK,0.6,7,2,0.778,5.19,103,0,26,0,0,2,109.1,102,66,63,20,66,5,126,6,0,9,500
390,Robert Manuel,2010,27,BOS,0.3,1,0,1,3.18,13,0,7,0,0,0,17,15,6,6,5,8,1,7,0,0,0,72
391,Jeff Weaver,2010,34,LAD,0.2,104,119,0.466,4.71,355,274,21,16,7,2,1838,1997,1023,961,227,516,44,1214,124,3,37,7970
392,Evan MacLane,2010,28,STL,0,0,1,0,9,2,0,1,0,0,0,1,1,1,1,1,1,0,0,0,0,0,4
393,Leo Rosales,2010,30,ARI,0,5,2,0.714,5.01,76,0,17,0,0,0,91.2,97,52,51,9,36,5,61,1,0,6,402
394,Saul Rivera,2010,33,CLE,-0.1,13,15,0.464,4.29,249,0,57,0,0,4,279.1,296,145,133,17,126,16,192,11,1,12,1247
395,Scott Strickland,2010,35,FLA,-0.1,12,21,0.364,3.38,239,0,82,0,0,20,242,206,104,91,25,112,17,243,8,0,10,1039
396,Scot Shields,2010,35,LAA,-0.2,46,44,0.511,3.18,491,15,114,0,0,21,697,589,285,246,55,278,21,631,21,0,49,2916
397,Cedrick Bowers,2010,33,OAK,-0.4,0,1,0,7.4,19,0,13,0,0,0,20.2,23,19,17,6,11,1,23,2,0,1,95
398,Brian Moehler,2010,39,HOU,-0.4,84,107,0.44,4.81,332,252,40,11,6,1,1567.1,1834,897,837,199,454,37,859,36,3,25,6844
399,Jeremy Bonderman,2010,28,DET,-0.5,67,77,0.465,4.89,207,193,1,6,2,0,1176,1245,691,639,147,404,23,929,39,5,48,5103
400,Kris Benson,2010,36,ARI,-0.6,70,75,0.483,4.42,206,200,2,8,2,0,1243.2,1292,681,611,152,441,37,806,45,2,33,5380
401,Logan Kensing,2010,28,TBR,-0.7,8,9,0.471,5.81,134,3,31,0,0,2,161,175,104,104,28,88,10,143,10,1,13,743
402,Gary Majewski,2010,31,HOU,-0.8,9,13,0.409,4.75,231,0,65,0,0,2,242.1,296,143,128,19,90,11,143,18,0,8,1105
403,Mike Lincoln,2010,36,CIN,-1,17,30,0.362,5.33,263,19,55,0,0,5,376.1,420,236,223,55,149,11,236,18,0,15,1669
404,Jorge Sosa,2010,33,FLA,-1.5,44,53,0.454,4.72,294,90,55,1,1,7,772.2,791,441,405,112,354,33,491,8,1,26,3404
405,Roy Oswalt,2011,34,PHI,10.1,159,93,0.631,3.21,339,326,5,20,8,0,2154,2071,825,769,183,500,34,1759,76,5,26,8886
406,Javier Vazquez,2011,35,FLA,8.8,165,160,0.508,4.22,450,443,5,28,8,0,2840,2784,1431,1331,373,763,58,2536,88,4,76,11935
407,Jon Garland,2011,32,LAD,3.1,132,119,0.526,4.32,353,330,9,11,6,1,2083.1,2175,1104,1001,254,700,36,1124,61,1,46,8894
408,Arthur Rhodes,2011,42,STL,3.1,87,70,0.554,4.08,900,61,161,5,3,33,1187.2,1033,560,538,126,516,48,1152,16,3,43,5007
409,Rich Harden,2011,30,OAK,2,59,38,0.608,3.76,170,160,2,2,1,0,928.1,781,420,388,105,422,15,949,27,1,34,3929
410,Mike Gonzalez,2011,34,TEX,1.9,17,21,0.447,2.94,387,0,161,0,0,56,358.2,282,135,117,30,164,20,412,14,0,21,1516
411,Kyle Davies,2011,28,TOR,1.1,43,65,0.398,5.59,151,144,2,3,0,0,768,876,512,477,99,367,13,545,22,3,42,3478
412,Brad Penny,2011,34,DET,1,119,99,0.546,4.23,319,315,1,4,2,0,1871,1954,948,879,187,597,36,1250,51,6,50,7965
413,Lance Cormier,2011,31,TBR,0.8,24,28,0.462,5.07,290,24,68,0,0,3,468.2,537,286,264,65,227,25,276,11,4,24,2116
414,Taylor Buchholz,2011,30,NYM,0.5,20,22,0.476,4.28,158,27,38,1,1,1,311,289,165,148,41,85,10,229,8,2,13,1294
415,Mark DiFelice,2011,35,MIL,0.4,5,1,0.833,3.79,77,0,15,0,0,0,73.2,69,32,31,11,21,6,71,1,0,2,311
416,Brad Thomas,2011,34,DET,0.2,6,6,0.5,5.8,72,7,13,0,0,0,104,127,69,67,12,53,4,45,6,0,7,483
417,Mitch Talbot,2011,28,CLE,0,12,19,0.387,5.3,43,41,0,1,0,0,232.2,275,147,137,26,108,4,129,12,1,5,1049
418,Randy Williams,2011,36,BOS,0,3,4,0.429,5.82,97,0,16,0,0,0,82,96,56,53,9,57,13,75,7,0,1,399
419,Enrique Gonzalez,2011,29,DET,-0.1,4,8,0.333,5.81,55,18,25,0,0,0,150.1,160,102,97,20,63,2,84,4,0,2,657
420,Dan Cortes,2011,25,SEA,-0.2,0,3,0,5.06,14,0,5,0,0,0,16,16,10,9,1,9,0,9,1,0,3,73
421,Alan Johnson,2011,28,COL,-0.2,0,0,,9,1,1,0,0,0,0,4,6,5,4,0,3,0,3,0,0,1,20
422,Horacio Ramirez,2011,32,LAA,-0.2,40,35,0.533,4.65,169,105,11,3,1,0,688.1,758,394,356,83,264,26,318,16,5,14,2995
423,Tim Wakefield,2011,45,BOS,-0.2,200,180,0.526,4.41,627,463,78,33,6,22,3226.1,3152,1791,1582,418,1205,33,2156,186,8,134,13939
424,Sergio Mitre,2011,31,NYY,-0.4,13,30,0.302,5.21,143,64,40,1,1,1,454.2,525,290,263,54,151,10,265,30,1,22,2028
425,Rommie Lewis,2011,29,TOR,-0.5,0,0,,7.23,20,0,7,0,0,0,23.2,32,22,19,5,10,0,20,2,0,0,113
426,Mark Worrell,2011,29,BAL,-0.8,0,1,0,15.26,8,0,1,0,0,0,7.2,14,13,13,3,6,2,7,0,0,0,41
427,Scott Proctor,2011,35,NYY,-1.6,18,16,0.529,4.78,307,1,76,0,0,1,343,337,200,182,58,167,21,291,11,3,22,1534
428,Roy Oswalt,2012,35,TEX,7.4,163,96,0.629,3.28,356,335,7,20,8,0,2213,2150,866,807,194,511,34,1818,79,7,29,9150
429,Carlos Zambrano,2012,32,MIA,5.2,132,91,0.592,3.66,354,302,11,10,5,0,1959,1709,879,797,161,898,41,1637,102,5,58,8389
430,Carl Pavano,2012,37,MIN,4.9,108,107,0.502,4.39,302,284,3,17,8,0,1788.2,1971,955,873,200,425,41,1091,84,16,26,7643
431,Randy Wolf,2012,36,BAL,3.2,132,117,0.53,4.2,376,368,2,13,9,0,2268,2231,1128,1058,287,810,38,1767,102,3,40,9703
432,Brian Wilson,2012,31,SFG,3,20,20,0.5,3.21,315,0,238,0,0,171,320,286,122,114,17,142,15,340,9,0,9,1377
433,Kevin Millwood,2012,38,SEA,2.2,169,152,0.526,4.11,451,443,3,22,6,0,2720.1,2770,1357,1243,296,843,46,2083,74,4,67,11616
434,David Pauley,2012,30,SEA,1.8,9,19,0.321,4.68,91,20,28,0,0,0,209.2,234,115,109,24,68,9,122,14,0,4,923
435,Livan Hernandez,2012,38,MIL,1.5,178,177,0.501,4.44,519,474,17,50,9,1,3189,3525,1686,1572,362,1066,86,1976,78,13,41,13816
436,Vicente Padilla,2012,35,BOS,1.2,108,91,0.543,4.32,386,237,37,4,4,6,1571.1,1612,823,754,181,551,45,1121,109,12,37,6808
437,Takashi Saito,2012,43,ARI,0.8,21,15,0.583,2.34,338,0,189,0,0,84,338,250,99,88,25,108,13,400,14,0,9,1363
438,Ben Sheets,2012,34,ATL,0.4,94,96,0.495,3.78,250,250,0,18,4,0,1596.2,1577,736,670,184,369,28,1325,32,1,53,6640
439,Doug Slaten,2012,33,PIT,0.4,7,8,0.467,3.52,216,0,55,0,0,0,150.2,156,72,59,15,67,7,110,9,0,6,674
440,Chris Seddon,2012,29,CLE,0.3,2,3,0.4,5.47,38,6,9,0,0,0,74,85,48,45,8,28,1,44,1,0,3,333
441,Brian Fuentes,2012,37,STL,0.2,26,43,0.377,3.62,650,0,381,0,0,204,613.1,515,267,247,64,258,25,639,52,2,32,2622
442,Jason Isringhausen,2012,40,LAA,0.2,51,55,0.481,3.64,724,52,499,3,1,300,1007.2,901,450,408,85,437,43,830,34,2,53,4322
443,Tim Dillard,2012,29,MIL,0.1,1,4,0.2,4.7,73,0,31,0,0,0,84.1,95,52,44,9,29,5,62,3,0,3,371
444,Dustin Moseley,2012,31,SDP,0.1,15,21,0.417,4.67,101,53,17,0,0,0,358.1,397,202,186,43,117,10,199,9,2,10,1543
445,Jack Egbert,2012,30,NYM,0,0,0,,21.6,3,0,2,0,0,0,3.1,8,8,8,1,2,1,0,0,0,0,20
446,Scott Richmond,2012,33,TOR,0,9,14,0.391,5.27,36,29,4,2,1,0,169,184,104,99,30,61,1,139,2,1,6,739
447,Manny Acosta,2012,32,NYM,-0.2,13,13,0.5,3.99,233,0,78,0,0,9,248,234,122,110,30,117,10,219,8,0,14,1070
448,Miguel Socolovich,2012,26,CHC,-0.2,0,0,,6.06,12,0,2,0,0,0,16.1,15,11,11,3,9,0,12,0,1,0,72
449,Dana Eveland,2012,29,BAL,-0.3,19,25,0.432,5.46,114,61,13,1,0,1,392.2,461,247,238,28,193,13,256,29,1,16,1798
450,Vinnie Chulk,2012,34,MIL,-0.4,8,15,0.348,4.51,259,0,66,0,0,2,285.1,292,151,143,31,112,11,199,9,0,14,1243
451,Kip Wells,2012,36,SDP,-0.4,69,103,0.401,4.71,296,219,24,3,2,2,1338.1,1390,773,700,151,635,53,963,70,3,67,5970
452,Guillermo Mota,2012,39,SFG,-0.6,39,45,0.464,3.94,743,0,212,0,0,10,856.2,762,396,375,90,331,50,696,24,4,32,3604
453,Todd Coffey,2012,32,LAD,-0.7,25,18,0.581,4.1,461,0,108,0,0,11,438.2,483,220,200,49,138,23,329,22,0,18,1910
454,Aneury Rodriguez,2012,25,HOU,-0.9,1,6,0.143,5.12,44,9,16,0,0,0,91.1,85,59,52,15,34,3,70,2,0,3,391
455,Enerio Del Rosario,2012,27,HOU,-1.1,1,4,0.2,5.6,84,0,19,0,0,0,82,110,58,51,4,42,3,46,6,1,2,398
456,Brad Penny,2012,35,SFG,-1.3,119,100,0.543,4.26,341,315,9,4,2,0,1899,1996,970,898,191,606,38,1260,52,6,52,8098
457,Ryota Igarashi,2012,34,NYY,-1.4,5,2,0.714,6.41,83,0,21,0,0,0,73,81,52,52,6,51,3,72,4,0,6,351
458,Roy Halladay,2013,37,PHI,7.9,203,105,0.659,3.38,416,390,6,67,20,1,2749.1,2646,1135,1034,236,592,28,2117,81,9,56,11287
459,Mariano Rivera,2013,44,NYY,5.6,82,60,0.577,2.21,1115,10,952,0,0,652,1283.2,998,340,315,71,286,41,1173,46,3,13,5103
460,Kendrys Morales,2013,31,SEA,4.7,0,0,,0,1,0,1,0,0,0,1,0,0,0,0,1,0,0,0,0,0,4
461,Andy Pettitte,2013,42,NYY,4.4,256,153,0.626,3.85,531,521,3,26,4,0,3316,3448,1572,1418,288,1031,42,2448,55,11,69,14074
462,Darren Oliver,2013,43,TOR,3.7,118,98,0.546,4.51,766,229,121,11,4,7,1915.2,2037,1045,960,216,720,45,1259,96,15,60,8346
463,Joel Hanrahan,2013,32,BOS,3.3,22,18,0.55,3.85,362,11,213,0,0,100,404.2,369,186,173,40,198,10,441,10,1,38,1767
464,Guillermo Moscoso,2013,30,SFG,1.8,13,14,0.481,4.28,70,26,11,0,0,0,222.2,206,119,106,28,86,4,166,8,1,14,956
465,Octavio Dotel,2013,40,DET,1.3,59,50,0.541,3.78,758,34,305,0,0,109,951,765,431,399,117,412,39,1143,41,4,46,4024
466,Jair Jurrjens,2013,28,DET,1.3,53,37,0.589,3.63,128,126,1,2,1,0,758,741,333,306,66,261,20,505,15,4,16,3204
467,Travis Blackley,2013,31,TEX,1,9,9,0.5,5.23,82,26,11,0,0,0,192.2,189,118,112,33,81,5,132,5,5,17,829
468,Michael Bowden,2013,27,CHC,1,3,5,0.375,4.51,103,2,44,0,0,0,133.2,133,67,67,16,54,3,100,4,1,13,576
469,Roy Oswalt,2013,36,COL,0.7,163,102,0.615,3.36,365,341,7,20,8,0,2245.1,2199,897,838,197,520,34,1852,80,7,30,9301
470,Cristhian Martinez,2013,32,ATL,0.6,7,8,0.467,4.02,135,0,50,0,0,1,206,196,95,92,19,52,8,163,3,1,7,855
471,Zach Phillips,2013,27,MIA,0.4,0,1,0,3.45,19,0,5,0,0,0,15.2,16,6,6,3,8,1,14,0,0,0,72
472,Jake Westbrook,2013,36,STL,0.4,105,103,0.505,4.32,315,273,11,15,4,0,1747.2,1885,922,839,148,571,37,965,68,1,41,7517
473,Kevin Gregg,2013,36,CHC,0.3,30,44,0.405,4.07,571,8,378,0,0,177,700.2,649,343,317,73,319,21,641,29,1,50,3052
474,Chris Narveson,2013,32,MIL,0.3,26,18,0.591,4.65,97,63,9,0,0,0,396.2,394,213,205,48,150,5,326,9,2,16,1717
475,Alex Burnett,2013,26,CHC,0.2,8,11,0.421,4.7,177,0,42,0,0,0,172.1,178,96,90,14,72,9,108,13,2,10,759
476,Billy Buckner,2013,30,LAA,0.1,7,11,0.389,6.07,43,23,10,0,0,0,155.2,190,108,105,29,61,1,110,7,0,11,689
477,Sean Henn,2013,33,NYM,0.1,2,10,0.167,7.42,64,5,15,0,0,0,83.2,102,74,69,15,67,3,63,5,0,3,415
478,Hideki Okajima,2013,38,OAK,0.1,17,8,0.68,3.09,266,0,44,0,0,6,250.1,228,87,86,27,88,13,216,4,0,5,1058
479,Cole De Vries,2013,29,MIN,0,5,7,0.417,5.08,21,18,1,0,0,0,102.2,110,66,58,22,27,0,70,4,0,1,451
480,Pedro Feliciano,2013,37,NYM,0,22,21,0.512,3.33,484,0,80,0,0,4,383.2,363,157,142,30,165,28,350,22,3,12,1667
481,Shairon Martis,2013,27,MIN,0,6,7,0.462,5.35,26,19,1,1,0,0,116,107,72,69,19,55,3,64,4,0,4,508
482,Kyle McClellan,2013,30,TEX,0,19,24,0.442,3.79,268,17,54,0,0,6,387.1,359,174,163,45,140,10,260,18,0,20,1652
483,Tim Byrdak,2013,40,NYM,-0.2,13,13,0.5,4.35,479,0,56,0,0,4,339.2,308,182,164,46,203,19,326,10,1,18,1525
484,Jeremy Bonderman,2013,31,DET,-0.4,69,81,0.46,4.91,225,200,5,6,2,0,1231,1303,727,672,154,431,26,961,41,5,51,5349
485,Ramon Ortiz,2013,41,TOR,-0.4,87,86,0.503,4.95,303,218,37,10,1,0,1448.1,1566,861,796,235,500,32,895,69,18,46,6337
486,Hisanori Takahashi,2013,39,COL,-0.4,14,12,0.538,3.99,168,12,52,0,0,10,243.1,226,115,108,29,84,16,221,0,1,2,1023
487,Dave Bush,2013,34,TOR,-0.5,56,69,0.448,4.73,211,187,10,6,3,0,1144.1,1199,657,601,170,296,21,768,80,2,21,4899
488,Victor Marte,2013,33,STL,-0.5,6,3,0.667,7.05,82,0,14,0,0,0,83,106,66,65,16,44,5,64,5,0,3,397
489,Greg Reynolds,2013,28,CIN,-0.5,6,11,0.353,7.01,33,21,3,0,0,0,123.1,161,99,96,25,42,6,53,9,0,3,571
490,Clayton Richard,2013,30,SDP,-1.3,46,47,0.495,4.33,147,129,7,3,2,0,773.1,818,413,372,90,263,15,480,15,9,19,3315
491,Jason Marquis,2013,35,SDP,-1.5,121,114,0.515,4.56,368,309,26,8,5,1,1921,2015,1077,974,243,755,39,1137,87,9,53,8407
492,Barry Zito,2013,36,SFG,-3.3,165,143,0.536,4.02,430,419,8,12,5,0,2569.2,2369,1246,1149,278,1058,52,1883,97,8,50,10964
493,Hiroki Kuroda,2014,40,NYY,11.1,79,79,0.5,3.45,212,211,0,6,5,0,1319,1254,564,505,129,292,32,986,38,1,66,5444
494,Rafael Soriano,2014,35,WSN,4.3,22,28,0.44,2.85,585,8,340,0,0,207,630.2,481,209,200,60,196,20,637,15,0,13,2546
495,Josh Beckett,2014,35,LAD,2.2,138,106,0.566,3.88,335,332,1,12,6,0,2051,1897,957,884,238,629,28,1901,76,3,59,8579
496,Sean Burnett,2014,32,LAA,2.2,15,23,0.395,3.53,370,13,68,1,1,10,372.2,353,152,146,36,147,24,274,13,0,17,1593
497,Troy Patton,2014,29,SDP,2.1,5,4,0.556,3.25,151,2,32,0,0,0,169,154,64,61,20,43,5,135,7,0,1,699
498,Wade LeBlanc,2014,30,LAA,0.9,21,33,0.389,4.47,107,71,5,0,0,0,446.2,475,232,222,60,159,15,302,13,1,5,1926
499,Stephen Fife,2014,28,LAD,0.7,4,6,0.4,3.66,18,16,0,0,0,0,91,101,41,37,12,33,2,70,8,0,10,400
500,Ryan Brasier,2014,27,LAA,0.2,0,0,,2,7,0,7,0,0,0,9,7,2,2,1,4,0,7,0,0,0,35
501,Billy Buckner,2014,31,MIL,0.1,7,12,0.368,6.02,44,24,10,0,0,0,161.1,196,111,108,30,65,2,114,7,0,11,716
502,Jarrett Grube,2014,33,LAA,0,0,0,,13.5,1,0,1,0,0,0,0.2,1,1,1,1,0,0,0,0,0,0,3
503,Ryan Feierabend,2014,29,TEX,-0.1,2,11,0.154,7.15,31,19,2,0,0,0,113.1,159,90,90,20,46,3,68,5,2,6,528
504,Pedro Figueroa,2014,29,TEX,-0.1,2,1,0.667,4.28,34,0,8,0,0,0,33.2,32,20,16,5,21,1,20,2,0,2,149
505,Lyle Overbay,2014,38,MIL,-0.2,0,0,,0,1,0,1,0,0,0,0.1,0,0,0,0,0,0,0,0,0,0,1
506,Evan Reed,2014,29,DET,-0.2,0,2,0,4.2,48,0,19,0,0,0,55.2,67,35,26,4,20,1,43,4,2,2,250
507,Raul Valdes,2014,37,TOR,-0.2,7,7,0.5,5.13,103,3,27,0,0,2,140.1,138,81,80,20,49,4,147,7,0,3,601
508,Trevor Bell,2014,28,CIN,-0.3,4,8,0.333,5.57,54,11,23,0,0,0,116.1,161,79,72,7,44,5,76,2,0,8,538
509,Logan Ondrusek,2014,30,CIN,-0.3,21,11,0.656,3.89,281,0,73,0,0,2,270.2,258,125,117,34,111,14,214,7,1,21,1173
510,Ramon Ramirez,2014,33,BAL,-0.3,23,21,0.523,3.42,424,0,115,0,0,9,434.2,370,182,165,32,190,27,364,9,6,28,1835
511,Alfredo Figaro,2014,30,TEX,-0.8,5,8,0.385,5.04,52,9,17,0,0,1,114.1,129,73,64,21,34,4,83,2,1,7,506
512,Josh Lueke,2014,30,TBR,-0.8,2,5,0.286,6.16,72,0,29,0,0,0,87.2,104,61,60,12,33,3,75,2,0,8,397
513,Pedro Hernandez,2014,26,COL,-1.2,3,5,0.375,7.33,16,14,1,0,0,0,66.1,98,54,54,13,26,1,33,1,1,1,312
514,Daisuke Matsuzaka,2014,34,NYM,-1.2,56,43,0.566,4.45,158,132,6,1,0,1,790.1,721,406,391,85,387,9,720,45,0,31,3444
515,Mark Buehrle,2015,37,TOR,7,214,160,0.572,3.81,518,493,6,33,10,0,3283.1,3472,1542,1391,361,734,49,1870,79,16,27,13705
516,Greg Holland,2015,30,KCR,5.9,18,12,0.6,2.42,309,0,222,0,0,145,319.2,234,94,86,16,125,12,430,1,1,30,1297
517,A.J. Burnett,2015,39,PIT,4.4,164,157,0.511,3.99,435,430,1,24,10,0,2731.1,2519,1328,1210,263,1100,35,2513,143,6,161,11665
518,Kyle Lohse,2015,37,MIL,3.9,147,141,0.51,4.37,455,416,15,12,9,2,2522.1,2696,1314,1226,312,689,33,1612,87,4,57,10791
519,Joe Nathan,2015,41,DET,2.9,62,34,0.646,2.89,777,29,586,0,0,377,917,685,317,294,84,340,31,967,23,2,46,3743
520,Tim Hudson,2015,40,SFG,2.8,222,133,0.625,3.49,482,479,0,26,13,0,3126.2,2957,1319,1213,248,917,84,2080,124,6,84,13005
521,Dan Haren,2015,35,CHC,2.1,153,131,0.539,3.75,391,380,4,16,6,1,2419.2,2357,1105,1009,305,500,39,2013,67,5,98,10022
522,Caleb Thielbar,2015,29,SDP,2.1,5,3,0.625,2.74,109,0,24,0,0,0,98.2,80,33,30,7,30,5,79,1,0,2,397
523,LaTroy Hawkins,2015,43,TOR,2,75,94,0.444,4.31,1042,98,373,2,0,127,1467.1,1607,763,702,163,456,35,983,21,7,70,6323
524,Aaron Harang,2015,38,PHI,1.7,128,143,0.472,4.26,387,381,2,15,8,0,2322,2445,1177,1099,298,712,54,1842,63,3,76,9975
525,Joe Beimel,2015,39,SEA,1.1,29,34,0.46,4.06,676,23,129,0,0,5,680,719,331,307,66,272,52,379,22,7,26,2957
526,Michael Kohn,2015,30,ATL,1.1,5,6,0.455,3.52,132,0,33,0,0,2,115,84,46,45,14,79,5,111,6,0,8,506
527,Donovan Hand,2015,30,CIN,0.8,1,5,0.167,3.53,32,7,5,0,0,0,71.1,73,29,28,10,22,1,40,6,0,3,299
528,Josh Wilson,2015,35,DET,0.8,0,1,0,9,4,0,4,0,0,0,4,6,4,4,2,3,0,0,0,0,0,19
529,Jeremy Affeldt,2015,37,SFG,0.6,43,46,0.483,3.97,774,42,162,0,0,28,926,904,455,408,76,396,41,720,42,9,55,4034
530,Everett Teaford,2015,32,TBR,0.3,3,5,0.375,4.11,49,8,12,0,0,1,111.2,110,52,51,19,38,1,67,4,1,4,465
531,Yohan Pino,2015,32,KCR,0.2,2,7,0.222,4.63,18,12,3,0,0,0,79.2,89,45,41,10,17,0,63,1,0,2,340
532,Brett Bochy,2015,28,SFG,0.1,0,0,,2.84,7,0,3,0,0,0,6.1,2,2,2,1,3,0,6,2,0,1,26
533,Kyle Davies,2015,32,NYY,0.1,43,65,0.398,5.57,152,144,3,3,0,0,770.1,879,512,477,99,367,13,547,22,3,42,3488
534,Jose De Paula,2015,28,NYY,0.1,0,0,,2.7,1,0,1,0,0,0,3.1,2,1,1,1,4,0,2,0,0,0,15
535,Marcus Hatley,2015,28,STL,0.1,0,0,,0,2,0,1,0,0,0,1.1,1,0,0,0,2,0,2,0,0,0,7
536,Scott Baker,2015,34,LAD,-0.1,66,53,0.555,4.26,193,172,15,4,2,0,1064.2,1089,518,504,145,245,13,839,27,0,22,4438
537,Chad Billingsley,2015,31,PHI,-0.1,83,64,0.565,3.72,226,197,7,4,2,0,1212.1,1162,545,501,92,499,32,1052,44,0,50,5202
538,Jerome Williams,2015,34,PHI,-0.1,52,66,0.441,4.57,225,149,34,3,2,2,1012.1,1058,556,514,126,346,14,647,56,3,20,4371
539,Erik Cordier,2015,30,MIA,-0.2,0,0,,4.42,15,0,2,0,0,0,18.1,18,12,9,1,8,1,16,4,1,1,84
540,Juan Jaime,2015,28,LAD,-0.2,0,1,0,5.93,18,0,5,0,0,0,13.2,14,9,9,1,13,1,19,1,0,3,70
541,Collin Balester,2015,30,CIN,-0.4,8,17,0.32,5.47,88,22,24,0,0,0,200.2,210,131,122,39,91,3,157,13,1,15,901
542,David Carpenter,2015,28,ATL,-0.4,1,2,0.333,5.4,34,0,13,0,0,0,46.2,51,28,28,9,19,0,34,2,0,3,206
543,Jonny Gomes,2015,35,KCR,-0.5,0,0,,18,1,0,1,0,0,0,1,3,2,2,1,0,0,1,0,0,0,6
544,Sugar Ray Marimon,2015,27,ATL,-0.6,0,1,0,7.36,16,0,5,0,0,0,25.2,30,21,21,3,14,0,14,0,0,0,117
545,Hector Noesi,2015,29,CHW,-0.7,12,31,0.279,5.3,107,53,29,1,0,0,395.1,433,245,233,65,146,11,279,8,4,19,1721
546,Shaun Marcum,2015,34,CLE,-0.9,61,48,0.56,3.93,195,167,15,1,0,1,1030,957,474,450,140,314,19,836,32,2,21,4305
547,Randy Wolf,2015,39,DET,-1,133,125,0.516,4.24,390,379,3,13,9,1,2328.1,2310,1173,1097,296,831,39,1814,103,3,44,9977
548,Tim Lincecum,2015,32,SFG,-1.2,108,83,0.565,3.61,269,261,3,10,7,1,1643.2,1438,705,660,136,646,33,1704,42,7,104,6920
549,Jeff Francis,2015,35,TOR,-1.5,72,82,0.468,4.97,254,217,18,3,2,1,1291,1477,746,713,161,384,48,869,50,2,21,5645
550,Barry Zito,2015,38,OAK,-2.9,165,143,0.536,4.04,433,421,9,12,5,0,2576.2,2381,1254,1157,282,1064,52,1885,97,8,50,11001
551,Doug Fister,2016,33,HOU,4.4,77,76,0.503,3.6,212,199,3,7,2,1,1266,1296,560,506,120,275,11,847,63,4,36,5295
552,Henderson Alvarez,2016,27,OAK,4,27,34,0.443,3.8,92,92,0,5,5,0,563,596,261,238,54,129,7,296,22,3,16,2358
553,Colby Lewis,2016,37,TEX,2.8,77,72,0.517,4.7,233,195,13,10,3,0,1215,1255,681,635,178,377,14,961,51,3,33,5226
554,Jake Peavy,2016,36,SFG,2.7,152,126,0.547,3.63,388,377,3,15,6,0,2377,2134,1011,960,259,708,42,2207,78,14,46,9838
555,Javier Lopez,2016,39,SFG,2.1,30,17,0.638,3.48,839,0,163,0,0,14,533.1,484,227,206,26,235,38,358,27,3,16,2273
556,Jeff Manship,2016,32,CLE,1.8,7,10,0.412,4.82,157,10,30,0,0,0,222,228,129,119,26,90,10,159,3,0,2,964
557,Luke Hochevar,2016,33,KCR,0.6,46,65,0.414,4.98,279,128,40,5,2,3,929.1,946,550,514,116,299,10,702,45,3,41,3963
558,Ross Ohlendorf,2016,34,CIN,0.5,30,41,0.423,4.82,209,80,49,0,0,3,586.2,620,332,314,90,222,12,444,28,3,26,2575
559,Phil Coke,2016,34,PIT,0.3,22,27,0.449,4.19,407,15,92,0,0,8,421,445,221,196,33,159,29,323,13,0,20,1823
560,Gonzalez Germen,2016,29,COL,0.2,3,3,0.5,4.63,129,1,30,0,0,3,144,144,75,74,17,81,8,129,2,0,11,640
561,Kyle Drabek,2016,29,SFG,0.1,8,15,0.348,5.26,43,30,7,0,0,0,179.2,188,110,105,24,117,0,123,3,0,20,815
562,Kendry Flores,2016,25,MIA,0.1,1,2,0.333,4.02,8,2,3,0,0,0,15.2,17,8,7,0,7,1,10,1,0,0,70
563,Scott Diamond,2016,30,TOR,-0.1,19,27,0.413,4.5,59,58,1,1,1,0,344,400,192,172,41,86,9,161,5,0,18,1478
564,A.J. Morris,2016,30,CIN,-0.1,0,0,,6.3,7,0,3,0,0,0,10,9,7,7,2,8,0,9,0,0,0,47
565,Pat Dean,2016,28,MIN,-0.3,1,6,0.143,6.28,19,9,4,0,0,0,67.1,88,47,47,13,23,1,50,0,0,1,300
566,Preston Guilmet,2016,29,DET,-0.4,0,1,0,8.22,19,0,8,0,0,0,23,25,21,21,4,9,0,19,0,0,1,106
567,Drew Hayes,2016,29,CIN,-0.4,0,0,,8.38,6,0,1,0,0,0,9.2,15,10,9,3,6,1,8,0,0,0,48
568,Vin Mazzaro,2016,30,SFG,-0.4,24,23,0.511,4.79,140,45,33,0,0,1,383,439,228,204,43,156,10,233,17,1,18,1707
569,Tim Melville,2016,27,CIN,-0.5,0,1,0,11,3,2,0,0,0,0,9,16,12,11,5,9,0,8,1,0,1,54
570,Alfredo Simon,2016,36,CIN,-0.5,47,47,0.5,4.56,255,93,70,2,1,19,775,810,425,393,105,269,21,529,50,2,38,3372
571,Donn Roach,2016,27,OAK,-0.6,3,1,0.75,5.77,21,2,6,0,0,0,39,51,26,25,3,18,1,20,5,0,5,186
572,Carlos Villanueva,2016,33,SDP,-0.6,51,55,0.481,4.31,476,76,110,0,0,11,998.2,967,491,478,139,323,35,862,34,1,32,4234
573,Scott Carroll,2016,32,TEX,-0.7,6,11,0.353,4.6,47,19,15,0,0,0,168.1,189,103,86,15,59,3,93,16,1,9,745
574,Frank Herrmann,2016,33,PHI,-0.7,5,3,0.625,4.72,109,0,36,0,0,1,135.1,151,78,71,21,34,1,86,3,0,6,582
575,Chris Capuano,2016,38,MIL,-0.8,77,92,0.456,4.38,316,225,21,4,3,0,1429.2,1481,756,696,196,463,35,1199,56,6,55,6163
576,Joe Wieland,2016,27,ATL,-0.9,1,6,0.143,6.32,12,10,0,0,0,0,52.2,61,39,37,11,19,3,39,1,1,1,236
577,Jerome Williams,2016,35,STL,-0.9,52,66,0.441,4.59,236,149,43,3,2,2,1029.2,1080,571,525,130,352,15,655,58,3,20,4452
578,Sean O'Sullivan,2016,29,BOS,-1.2,13,23,0.361,6.01,71,56,9,0,0,0,323.2,398,226,216,59,115,10,158,13,2,13,1464
579,Tim Lincecum,2016,33,LAA,-2.2,110,89,0.553,3.74,278,270,3,10,7,1,1682,1506,746,699,147,669,33,1736,44,7,107,7120
580,Tyler Cloyd,2016,30,NYY,,4,9,0.308,5.98,19,17,1,0,0,0,93.1,116,63,62,15,32,2,71,3,0,3,420