year,teamid,teamname,salary,score,finalscore,lgid,franchid,divid,rank,w,l,divwin,wcwin,lgwin,wswin,r,hr
2000,MIN,Minnesota Twins,16519500,0.7419354838709677,4.284869900772206,AL,MIN,C,5,69,93,N,N,N,N,748,116
2000,NYA,New York Yankees,92338260,4.675675675675675,4.077866762014101,AL,NYY,E,1,87,74,Y,N,Y,Y,871,205
2000,FLO,Florida Marlins,19872000,0.9634146341463414,3.6555822619643767,NL,FLA,E,3,79,82,N,N,N,N,731,160
2000,CHA,Chicago White Sox,31133500,2.4179104477611943,3.5937019617252526,AL,CHW,C,1,95,67,Y,N,N,N,978,216
2000,OAK,Oakland Athletics,31971333,2.3,3.4056703703908746,AL,OAK,W,1,91,70,Y,N,N,N,947,239
2000,NYN,New York Mets,79509776,3.682352941176471,3.2301078122252838,NL,NYM,E,2,94,68,N,Y,Y,N,807,198
2000,KCA,Kansas City Royals,23433000,0.9058823529411765,2.9609864838676474,AL,KCR,C,4,77,85,N,N,N,N,879,150
2000,SFN,San Francisco Giants,53737826,2.4923076923076923,2.542551929951396,NL,SFG,W,1,97,65,Y,N,N,N,925,226
2000,SLN,St. Louis Cardinals,61453863,2.4179104477611943,2.2735087947682815,NL,STL,C,1,95,67,Y,N,N,N,887,235
2000,PIT,Pittsburgh Pirates,28928334,0.7419354838709677,2.12169880173089,NL,PIT,C,5,69,93,N,N,N,N,793,168
2000,SEA,Seattle Mariners,58915000,2.0816901408450708,1.9957061826001417,AL,SEA,W,2,91,71,N,Y,N,N,907,198
2000,ATL,Atlanta Braves,84537836,2.4179104477611943,1.9033479635736408,NL,ATL,E,1,95,67,Y,N,N,N,810,179
2000,MON,Montreal Expos,32994333,0.7052631578947368,1.7301438730163308,NL,WSN,E,4,67,95,N,N,N,N,738,178
2000,MIL,Milwaukee Brewers,36505333,0.8202247191011236,1.602268142729118,NL,MIL,C,3,73,89,N,N,N,N,740,177
2000,TOR,Toronto Blue Jays,44838332,1.0506329113924051,1.408568998310179,AL,TOR,E,3,83,79,N,N,N,N,861,244
2000,CIN,Cincinnati Reds,46867200,1.103896103896104,1.3814026564531159,NL,CIN,C,2,85,77,N,N,N,N,825,200
2000,ANA,Anaheim Angels,51464167,1.025,1.1437331876954309,AL,ANA,W,3,82,80,N,N,N,N,864,236
2000,PHI,Philadelphia Phillies,47308000,0.6701030927835051,0.9310474383487373,NL,PHI,E,5,65,97,N,N,N,N,708,144
2000,HOU,Houston Astros,51289111,0.8,0.924258121767796,NL,HOU,C,4,72,90,N,N,N,N,938,249
2000,SDN,San Diego Padres,54821000,0.8837209302325582,0.9033348573772655,NL,SDP,W,5,76,86,N,N,N,N,752,157
2000,COL,Colorado Rockies,61111190,1.025,0.8881996873240399,NL,COL,W,4,82,80,N,N,N,N,968,161
2000,DET,Detroit Tigers,58265167,0.9518072289156626,0.8815938302309906,AL,DET,C,3,79,83,N,N,N,N,823,177
2000,CLE,Cleveland Indians,75880771,1.25,0.8478638461646628,AL,CLE,C,2,90,72,N,N,N,N,950,221
2000,BOS,Boston Red Sox,77940333,1.103896103896104,0.6727490570904404,AL,BOS,E,2,85,77,N,N,N,N,792,167
2000,ARI,Arizona Diamondbacks,81027833,1.103896103896104,0.6320212803401044,NL,ARI,W,3,85,77,N,N,N,N,792,179
2000,LAN,Los Angeles Dodgers,87924286,1.131578947368421,0.579061820302982,NL,LAD,W,2,86,76,N,N,N,N,798,211
2000,TBA,Tampa Bay Devil Rays,62765129,0.75,0.5772776847156643,AL,TBD,E,5,69,92,N,N,N,N,733,162
2000,CHN,Chicago Cubs,60539333,0.6701030927835051,0.546179619758125,NL,CHC,C,6,65,97,N,N,N,N,764,183
2000,TEX,Texas Rangers,70795921,0.7802197802197802,0.45693665773592984,AL,TEX,W,4,71,91,N,N,N,N,848,173
2000,BAL,Baltimore Orioles,81447435,0.8409090909090909,0.36373755812847,AL,BAL,E,4,74,88,N,N,N,N,794,184
2001,ARI,Arizona Diamondbacks,85082999,4.814285714285714,4.4664919928866835,NL,ARI,W,1,92,70,Y,N,Y,Y,818,208
2001,OAK,Oakland Athletics,33810750,2.5,3.899467348402505,AL,OAK,W,2,102,60,N,Y,N,N,884,199
2001,MIN,Minnesota Twins,24130000,1.103896103896104,3.6666049994617893,AL,MIN,C,2,85,77,N,N,N,N,771,164
2001,NYA,New York Yankees,112287143,3.9615384615384617,3.334596258102045,AL,NYY,E,1,95,65,Y,N,Y,N,804,203
2001,SEA,Seattle Mariners,74720834,3.5217391304347827,3.3337315213387706,AL,SEA,W,1,116,46,Y,N,N,N,927,169
2001,HOU,Houston Astros,60612667,2.3478260869565215,2.4651970178545133,NL,HOU,C,1,93,69,Y,N,N,N,847,208
2001,FLO,Florida Marlins,35762500,0.8837209302325582,2.1249489106589827,NL,FLA,E,4,76,86,N,N,N,N,742,166
2001,MON,Montreal Expos,35159500,0.723404255319149,2.011645431957042,NL,WSN,E,5,68,94,N,N,N,N,670,131
2001,PHI,Philadelphia Phillies,41663833,1.131578947368421,1.9845349427997583,NL,PHI,E,2,86,76,N,N,N,N,746,164
2001,SDN,San Diego Padres,39182833,0.9518072289156626,1.9537489759557505,NL,SDP,W,4,79,83,N,N,N,N,789,161
2001,KCA,Kansas City Royals,35422500,0.6701030927835051,1.9376425281706178,AL,KCR,C,5,65,97,N,N,N,N,729,152
2001,SLN,St. Louis Cardinals,78538333,2.1478260869565218,1.896046693446858,NL,STL,C,2,93,69,N,Y,N,N,814,199
2001,CLE,Cleveland Indians,93152001,2.2816901408450705,1.8340901386722777,AL,CLE,C,1,91,71,Y,N,N,N,897,212
2001,ATL,Atlanta Braves,91936166,2.1891891891891895,1.7555069389417732,NL,ATL,E,1,88,74,Y,N,N,N,729,174
2001,MIL,Milwaukee Brewers,43886833,0.723404255319149,1.4571759574148548,NL,MIL,C,4,68,94,N,N,N,N,740,209
2001,ANA,Anaheim Angels,47535167,0.8620689655172413,1.4243982227174947,AL,ANA,W,3,75,87,N,N,N,N,691,158
2001,SFN,San Francisco Giants,63280167,1.25,1.2991925874658328,NL,SFG,W,2,90,72,N,N,N,N,799,235
2001,CHN,Chicago Cubs,64715833,1.1891891891891893,1.2040142498509288,NL,CHC,C,3,88,74,N,N,N,N,777,194
2001,CIN,Cincinnati Reds,48986000,0.6875,1.1887486353243784,NL,CIN,C,5,66,96,N,N,N,N,735,176
2001,CHA,Chicago White Sox,65653667,1.0506329113924051,1.0438193567131213,AL,CHW,C,3,83,79,N,N,N,N,798,214
2001,DET,Detroit Tigers,53416167,0.6875,1.0227714385141113,AL,DET,C,4,66,96,N,N,N,N,724,139
2001,TBA,Tampa Bay Devil Rays,56980000,0.62,0.8404837776412777,AL,TBD,E,5,62,100,N,N,N,N,672,121
2001,PIT,Pittsburgh Pirates,57760833,0.62,0.8172256208631893,NL,PIT,C,6,62,100,N,N,N,N,657,161
2001,TOR,Toronto Blue Jays,76895999,0.975609756097561,0.7504896838555708,AL,TOR,E,3,80,82,N,N,N,N,767,195
2001,COL,Colorado Rockies,71541334,0.8202247191011236,0.6905257768085462,NL,COL,W,5,73,89,N,N,N,N,923,213
2001,BAL,Baltimore Orioles,67599540,0.6428571428571429,0.593061769249571,AL,BAL,E,4,63,98,N,N,N,N,687,136
2001,NYN,New York Mets,93174428,1.025,0.5771466861057628,NL,NYM,E,3,82,80,N,N,N,N,642,147
2001,LAN,Los Angeles Dodgers,109105953,1.131578947368421,0.5300923919098018,NL,LAD,W,3,86,76,N,N,N,N,758,206
2001,BOS,Boston Red Sox,110035833,1.0379746835443038,0.4288950590005427,AL,BOS,E,2,82,79,N,N,N,N,772,198
2001,TEX,Texas Rangers,88633500,0.8202247191011236,0.4262756552595738,AL,TEX,W,4,73,89,N,N,N,N,890,246
2002,ANA,Anaheim Angels,61721667,4.871428571428572,5.0111100806788,AL,ANA,W,2,99,63,N,Y,Y,Y,851,152
2002,OAK,Oakland Athletics,40004167,2.7457627118644066,3.7755960689744295,AL,OAK,W,1,103,59,Y,N,N,N,800,205
2002,SFN,San Francisco Giants,78299835,3.7393939393939393,3.5319110449536124,NL,SFG,W,2,95,66,N,Y,Y,N,783,198
2002,MIN,Minnesota Twins,40425000,2.4029850746268657,3.4064823189063955,AL,MIN,C,1,94,67,Y,N,N,N,768,167
2002,SLN,St. Louis Cardinals,74660875,2.4923076923076923,2.347821890339794,NL,STL,C,1,97,65,Y,N,N,N,787,175
2002,ATL,Atlanta Braves,92870367,2.711864406779661,2.3015971102156234,NL,ATL,E,1,101,59,Y,N,N,N,708,164
2002,MON,Montreal Expos,38670500,1.0506329113924051,2.1677150825564704,NL,WSN,E,2,83,79,N,N,N,N,735,162
2002,NYA,New York Yankees,125928583,2.7758620689655173,2.0795229511021804,AL,NYY,E,1,103,58,Y,N,N,N,897,223
2002,ARI,Arizona Diamondbacks,102819999,2.53125,2.015532017936997,NL,ARI,W,1,98,64,Y,N,N,N,819,165
2002,TBA,Tampa Bay Devil Rays,34380000,0.5188679245283019,1.96255251149747,AL,TBD,E,5,55,106,N,N,N,N,673,133
2002,FLO,Florida Marlins,41979917,0.9518072289156626,1.862576075838347,NL,FLA,E,4,79,83,N,N,N,N,699,146
2002,PIT,Pittsburgh Pirates,42323599,0.8089887640449438,1.7001813490611664,NL,PIT,C,4,72,89,N,N,N,N,641,142
2002,CIN,Cincinnati Reds,45050390,0.9285714285714286,1.6750309176013793,NL,CIN,C,3,78,84,N,N,N,N,709,169
2002,SDN,San Diego Padres,41425000,0.6875,1.6305627905853952,NL,SDP,W,5,66,96,N,N,N,N,662,136
2002,CHA,Chicago White Sox,57052833,1.0,1.273862414509723,AL,CHW,C,2,81,81,N,N,N,N,856,217
2002,KCA,Kansas City Royals,47257000,0.62,1.2615637069640477,AL,KCR,C,4,62,100,N,N,N,N,737,140
2002,PHI,Philadelphia Phillies,57954999,0.9876543209876543,1.2339036152029816,NL,PHI,E,3,80,81,N,N,N,N,710,165
2002,HOU,Houston Astros,63448417,1.0769230769230769,1.1719806194934457,NL,HOU,C,2,84,78,N,N,N,N,749,167
2002,SEA,Seattle Mariners,80282668,1.3478260869565217,1.108420417229651,AL,SEA,W,3,93,69,N,N,N,N,814,152
2002,COL,Colorado Rockies,56851043,0.8202247191011236,1.1003833715993723,NL,COL,W,4,73,89,N,N,N,N,778,152
2002,MIL,Milwaukee Brewers,50287833,0.5283018867924528,1.0407941749369827,NL,MIL,C,6,56,106,N,N,N,N,627,139
2002,LAN,Los Angeles Dodgers,94850953,1.3142857142857143,0.8812636717976435,NL,LAD,W,3,92,70,N,N,N,N,713,155
2002,BAL,Baltimore Orioles,60493487,0.7052631578947368,0.8782345986053707,AL,BAL,E,4,67,95,N,N,N,N,667,165
2002,DET,Detroit Tigers,55048000,0.5188679245283019,0.8573339196598235,AL,DET,C,5,55,106,N,N,N,N,575,124
2002,BOS,Boston Red Sox,108366060,1.3478260869565217,0.7817335862233586,AL,BOS,E,2,93,69,N,N,N,N,859,177
2002,TOR,Toronto Blue Jays,76864333,0.9285714285714286,0.7452273097848907,AL,TOR,E,3,78,84,N,N,N,N,813,187
2002,CLE,Cleveland Indians,78909449,0.8409090909090909,0.6234408711018535,AL,CLE,C,3,74,88,N,N,N,N,739,192
2002,CHN,Chicago Cubs,75690833,0.7052631578947368,0.5423322861998778,NL,CHC,C,5,67,95,N,N,N,N,706,200
2002,NYN,New York Mets,94633593,0.872093023255814,0.44152167846919055,NL,NYM,E,5,75,86,N,N,N,N,690,160
2002,TEX,Texas Rangers,105526122,0.8,0.2590409860792573,AL,TEX,W,4,72,90,N,N,N,N,843,230
2003,FLO,Florida Marlins,49450000,4.581690140845071,5.2336235361939085,NL,FLA,E,2,91,71,N,Y,Y,Y,751,157
2003,TBA,Tampa Bay Devil Rays,19630000,0.6363636363636364,4.557306397443616,AL,TBD,E,5,63,99,N,N,N,N,715,137
2003,NYA,New York Yankees,152749814,4.155737704918033,3.352387367614185,AL,NYY,E,1,101,61,Y,N,Y,N,877,230
2003,OAK,Oakland Athletics,50260834,2.4545454545454546,3.0717627374898644,AL,OAK,W,1,96,66,Y,N,N,N,768,176
2003,MIN,Minnesota Twins,55505000,2.25,2.667180549500045,AL,MIN,C,1,90,72,Y,N,N,N,801,155
2003,SFN,San Francisco Giants,82852167,2.639344262295082,2.4237175050613216,NL,SFG,W,1,100,61,Y,N,N,N,755,180
2003,KCA,Kansas City Royals,40518000,1.0506329113924051,2.176949768098067,AL,KCR,C,3,83,79,N,N,N,N,836,162
2003,ATL,Atlanta Braves,106243667,2.6557377049180326,2.1573325237414456,NL,ATL,E,1,101,61,Y,N,N,N,907,235
2003,CHN,Chicago Cubs,79868333,2.1891891891891895,2.021545861764289,NL,CHC,C,1,88,74,Y,N,N,N,724,172
2003,MIL,Milwaukee Brewers,40627000,0.723404255319149,1.8426748487668565,NL,MIL,C,6,68,94,N,N,N,N,714,196
2003,BOS,Boston Red Sox,99946500,2.217910447761194,1.782611126624386,AL,BOS,E,2,95,67,N,Y,N,N,961,238
2003,CHA,Chicago White Sox,51010000,1.131578947368421,1.7177014017891228,AL,CHW,C,2,86,76,N,N,N,N,791,220
2003,TOR,Toronto Blue Jays,51269000,1.131578947368421,1.7071627582482902,AL,TOR,E,3,86,76,N,N,N,N,894,190
2003,MON,Montreal Expos,51948500,1.0506329113924051,1.5990675418437177,NL,WSN,E,4,83,79,N,N,N,N,711,144
2003,SDN,San Diego Padres,45210000,0.6530612244897959,1.5068127484889113,NL,SDP,W,5,64,98,N,N,N,N,678,128
2003,CLE,Cleveland Indians,48584834,0.723404255319149,1.4136578311572388,AL,CLE,C,4,68,94,N,N,N,N,699,158
2003,PIT,Pittsburgh Pirates,54812429,0.8620689655172413,1.3034736494804353,NL,PIT,C,4,75,87,N,N,N,N,753,163
2003,HOU,Houston Astros,71040000,1.16,1.157932240990991,NL,HOU,C,2,87,75,N,N,N,N,805,191
2003,PHI,Philadelphia Phillies,70780000,1.131578947368421,1.1350136238306985,NL,PHI,E,3,86,76,N,N,N,N,791,166
2003,SEA,Seattle Mariners,86959167,1.3478260869565217,1.0715395845800675,AL,SEA,W,2,93,69,N,N,N,N,795,139
2003,CIN,Cincinnati Reds,59355667,0.7419354838709677,1.0347399754791575,NL,CIN,C,5,69,93,N,N,N,N,694,182
2003,DET,Detroit Tigers,49168000,0.36134453781512604,1.0256202130510519,AL,DET,C,5,43,119,N,N,N,N,591,153
2003,COL,Colorado Rockies,67179667,0.8409090909090909,0.924916740128311,NL,COL,W,4,74,88,N,N,N,N,853,198
2003,ARI,Arizona Diamondbacks,80657000,1.0769230769230769,0.896251918809088,NL,ARI,W,3,84,78,N,N,N,N,717,152
2003,SLN,St. Louis Cardinals,83786666,1.103896103896104,0.8739443285145654,NL,STL,C,3,85,77,N,N,N,N,876,196
2003,ANA,Anaheim Angels,79031667,0.9058823529411765,0.7523439731927144,AL,ANA,W,3,77,85,N,N,N,N,736,150
2003,BAL,Baltimore Orioles,73877500,0.7802197802197802,0.7206191765177059,AL,BAL,E,4,71,91,N,N,N,N,743,152
2003,LAN,Los Angeles Dodgers,105572620,1.103896103896104,0.6118573195976751,NL,LAD,W,2,85,77,N,N,N,N,574,124
2003,TEX,Texas Rangers,103491667,0.7802197802197802,0.30844852060715855,AL,TEX,W,4,71,91,N,N,N,N,826,239
2003,NYN,New York Mets,116876429,0.6947368421052632,0.10521218183351588,NL,NYM,E,5,66,95,N,N,N,N,642,124
2004,BOS,Boston Red Sox,127298500,4.83125,4.144561210658413,AL,BOS,E,2,98,64,N,Y,Y,Y,949,222
2004,SLN,St. Louis Cardinals,83228333,4.342105263157895,4.0860722323149,NL,STL,C,1,105,57,Y,N,Y,N,855,214
2004,MIL,Milwaukee Brewers,27528500,0.7127659574468085,2.973715415281416,NL,MIL,C,6,67,94,N,N,N,N,634,135
2004,TBA,Tampa Bay Devil Rays,29556667,0.7692307692307693,2.7721053372597013,AL,TBD,E,4,70,91,N,N,N,N,714,145
2004,MIN,Minnesota Twins,53585000,2.314285714285714,2.7464177876271343,AL,MIN,C,1,92,70,Y,N,N,N,780,191
2004,PIT,Pittsburgh Pirates,32227929,0.8089887640449438,2.521522127575687,NL,PIT,C,5,72,89,N,N,N,N,680,142
2004,CLE,Cleveland Indians,34319300,0.975609756097561,2.492375749285067,AL,CLE,C,3,80,82,N,N,N,N,858,184
2004,ATL,Atlanta Braves,90182500,2.4545454545454546,2.102587448834812,NL,ATL,E,1,96,66,Y,N,N,N,803,178
2004,FLO,Florida Marlins,42143042,1.0506329113924051,2.007344440427257,NL,FLA,E,3,83,79,N,N,N,N,718,148
2004,HOU,Houston Astros,75397000,2.1142857142857143,1.9874610017639958,NL,HOU,C,2,92,70,N,Y,N,N,803,187
2004,LAN,Los Angeles Dodgers,92902001,2.3478260869565215,1.9622616861423774,NL,LAD,W,1,93,69,Y,N,N,N,761,203
2004,ANA,Anaheim Angels,100534667,2.314285714285714,1.8441125415830084,AL,ANA,W,1,92,70,Y,N,N,N,836,162
2004,MON,Montreal Expos,40897500,0.7052631578947368,1.7367943554006966,NL,WSN,E,5,67,95,N,N,N,N,635,151
2004,NYA,New York Yankees,184193950,2.6557377049180326,1.7178261836655704,AL,NYY,E,1,101,61,Y,N,N,N,897,242
2004,CIN,Cincinnati Reds,46615250,0.8837209302325582,1.604738669062662,NL,CIN,C,4,76,86,N,N,N,N,750,194
2004,TEX,Texas Rangers,55050417,1.2191780821917808,1.5998776807070834,AL,TEX,W,3,89,73,N,N,N,N,860,227
2004,SDN,San Diego Padres,55384833,1.16,1.5293438535781085,NL,SDP,W,3,87,75,N,N,N,N,768,139
2004,OAK,Oakland Athletics,59425667,1.2816901408450705,1.5239221152880327,AL,OAK,W,2,91,71,N,N,N,N,793,189
2004,DET,Detroit Tigers,46832000,0.8,1.5107383231551075,AL,DET,C,4,72,90,N,N,N,N,827,201
2004,BAL,Baltimore Orioles,51623333,0.9285714285714286,1.4341237850998223,AL,BAL,E,3,78,84,N,N,N,N,842,169
2004,TOR,Toronto Blue Jays,50017000,0.7127659574468085,1.2827281133138135,AL,TOR,E,5,67,94,N,N,N,N,719,145
2004,KCA,Kansas City Royals,47609000,0.5576923076923077,1.2323504006999322,AL,KCR,C,5,58,104,N,N,N,N,720,150
2004,CHA,Chicago White Sox,65212500,1.0506329113924051,1.1382625399145443,AL,CHW,C,2,83,79,N,N,N,N,865,242
2004,SFN,San Francisco Giants,82019166,1.2816901408450705,1.043996284631024,NL,SFG,W,2,91,71,N,N,N,N,850,183
2004,CHN,Chicago Cubs,90560000,1.2191780821917808,0.8624344553145723,NL,CHC,C,3,89,73,N,N,N,N,789,235
2004,COL,Colorado Rockies,65445167,0.723404255319149,0.8053896317182954,NL,COL,W,4,68,94,N,N,N,N,833,202
2004,PHI,Philadelphia Phillies,92919167,1.131578947368421,0.7458086643653458,NL,PHI,E,2,86,76,N,N,N,N,840,215
2004,ARI,Arizona Diamondbacks,69780750,0.4594594594594595,0.4431537039323262,NL,ARI,W,5,51,111,N,N,N,N,615,135
2004,SEA,Seattle Mariners,81515834,0.6363636363636364,0.4064640827382633,AL,SEA,W,4,63,99,N,N,N,N,698,136
2004,NYN,New York Mets,96660970,0.7802197802197802,0.35131700953581124,NL,NYM,E,4,71,91,N,N,N,N,684,185
2005,CHA,Chicago White Sox,75178000,5.071428571428571,5.027116005252296,AL,CHW,C,1,99,63,Y,N,Y,Y,741,200
2005,HOU,Houston Astros,76779000,3.5191780821917806,3.444511440271464,NL,HOU,C,2,89,73,N,Y,Y,N,693,161
2005,TBA,Tampa Bay Devil Rays,29679067,0.7052631578947368,2.89256471289308,AL,TBD,E,5,67,95,N,N,N,N,750,157
2005,CLE,Cleveland Indians,41502500,1.3478260869565217,2.4846713348331555,AL,CLE,C,2,93,69,N,N,N,N,790,207
2005,SLN,St. Louis Cardinals,92106833,2.6129032258064515,2.301041676946119,NL,STL,C,1,100,62,Y,N,N,N,805,170
2005,SDN,San Diego Padres,63290833,2.025,2.254091950804313,NL,SDP,W,1,82,80,Y,N,N,N,684,130
2005,MIL,Milwaukee Brewers,39934833,1.0,2.2403562674219772,NL,MIL,C,3,81,81,N,N,N,N,726,175
2005,PIT,Pittsburgh Pirates,38133000,0.7052631578947368,2.0751047622793903,NL,PIT,C,6,67,95,N,N,N,N,680,139
2005,LAA,Los Angeles Angels of Anaheim,94867822,2.4179104477611943,2.071469869627125,AL,ANA,W,1,95,67,Y,N,N,N,761,147
2005,ATL,Atlanta Braves,86457302,2.25,2.015777064151273,NL,ATL,E,1,90,72,Y,N,N,N,769,184
2005,KCA,Kansas City Royals,36881000,0.5283018867924528,1.9955660580459438,AL,KCR,C,5,56,106,N,N,N,N,701,126
2005,TOR,Toronto Blue Jays,45719500,0.975609756097561,1.8692420114809314,AL,TOR,E,3,80,82,N,N,N,N,775,136
2005,WAS,Washington Nationals,48581500,1.0,1.7526202340397066,NL,WSN,E,5,81,81,N,N,N,N,639,117
2005,OAK,Oakland Athletics,55425762,1.1891891891891893,1.6636441348875453,AL,OAK,W,2,88,74,N,N,N,N,772,155
2005,BOS,Boston Red Sox,123505125,2.217910447761194,1.6039924617666856,AL,BOS,E,2,95,67,N,Y,N,N,910,199
2005,MIN,Minnesota Twins,56186000,1.0506329113924051,1.4983720261184934,AL,MIN,C,3,83,79,N,N,N,N,688,134
2005,COL,Colorado Rockies,47839000,0.7052631578947368,1.4928458811958092,NL,COL,W,5,67,95,N,N,N,N,740,150
2005,NYA,New York Yankees,208306817,2.4179104477611943,1.443268530017331,AL,NYY,E,1,95,67,Y,N,N,N,886,229
2005,TEX,Texas Rangers,55849000,0.9518072289156626,1.4112992502589274,AL,TEX,W,3,79,83,N,N,N,N,865,260
2005,FLO,Florida Marlins,60408834,1.0506329113924051,1.3622167916573347,NL,FLA,E,3,83,79,N,N,N,N,717,128
2005,ARI,Arizona Diamondbacks,62329166,0.9058823529411765,1.1616521943024423,NL,ARI,W,2,77,85,N,N,N,N,696,191
2005,CIN,Cincinnati Reds,61892583,0.8202247191011236,1.0883795543905153,NL,CIN,C,5,73,89,N,N,N,N,820,222
2005,DET,Detroit Tigers,69092000,0.7802197802197802,0.8641320985779115,AL,DET,C,4,71,91,N,N,N,N,723,168
2005,PHI,Philadelphia Phillies,95522000,1.1891891891891893,0.8348485126958161,NL,PHI,E,2,88,74,N,N,N,N,807,167
2005,BAL,Baltimore Orioles,73914333,0.8409090909090909,0.8214834999347396,AL,BAL,E,4,74,88,N,N,N,N,729,189
2005,CHN,Chicago Cubs,87032933,0.9518072289156626,0.709212513648512,NL,CHC,C,4,79,83,N,N,N,N,703,194
2005,NYN,New York Mets,101305821,1.0506329113924051,0.6308834717229906,NL,NYM,E,3,83,79,N,N,N,N,722,175
2005,LAN,Los Angeles Dodgers,83039000,0.7802197802197802,0.5981025810723917,NL,LAD,W,4,71,91,N,N,N,N,685,149
2005,SFN,San Francisco Giants,90199500,0.8620689655172413,0.5753314547771595,NL,SFG,W,3,75,87,N,N,N,N,649,128
2005,SEA,Seattle Mariners,87754334,0.7419354838709677,0.4890040320750941,AL,SEA,W,4,69,93,N,N,N,N,699,130
2006,FLO,Florida Marlins,14671500,0.9285714285714286,7.340075422709724,NL,FLA,E,4,78,84,N,N,N,N,758,182
2006,SLN,St. Louis Cardinals,88891371,4.564102564102564,4.36989444855893,NL,STL,C,1,83,78,Y,N,Y,Y,781,184
2006,DET,Detroit Tigers,82612866,3.717910447761194,3.6229413644951567,AL,DET,C,2,95,67,N,Y,Y,N,822,203
2006,MIN,Minnesota Twins,63396006,2.4545454545454546,2.7854751640605935,AL,MIN,C,1,96,66,Y,N,N,N,801,143
2006,OAK,Oakland Athletics,62243079,2.3478260869565215,2.7126700618183692,AL,OAK,W,1,93,69,Y,N,N,N,771,175
2006,TBA,Tampa Bay Devil Rays,34917967,0.6039603960396039,2.428141063545246,AL,TBD,E,5,61,101,N,N,N,N,689,190
2006,SDN,San Diego Padres,69896141,2.1891891891891895,2.349847834850328,NL,SDP,W,1,88,74,Y,N,N,N,731,161
2006,COL,Colorado Rockies,41233000,0.8837209302325582,2.1987872812135683,NL,COL,W,4,76,86,N,N,N,N,813,157
2006,NYN,New York Mets,101084963,2.4923076923076923,2.1405856102607315,NL,NYM,E,1,97,65,Y,N,N,N,834,200
2006,PIT,Pittsburgh Pirates,46717750,0.7052631578947368,1.6898355281394508,NL,PIT,C,5,67,95,N,N,N,N,691,141
2006,LAN,Los Angeles Dodgers,98447187,1.9891891891891893,1.6682338565599288,NL,LAD,W,2,88,74,N,Y,N,N,820,153
2006,NYA,New York Yankees,194663079,2.4923076923076923,1.588587333245664,AL,NYY,E,1,97,65,Y,N,N,N,930,210
2006,KCA,Kansas City Royals,47294000,0.62,1.5742992948365542,AL,KCR,C,5,62,100,N,N,N,N,757,124
2006,CLE,Cleveland Indians,56031500,0.9285714285714286,1.5001495739003954,AL,CLE,C,4,78,84,N,N,N,N,870,196
2006,CIN,Cincinnati Reds,60909519,0.975609756097561,1.3812828389862963,NL,CIN,C,3,80,82,N,N,N,N,749,217
2006,MIL,Milwaukee Brewers,57568333,0.8620689655172413,1.3783446643463177,NL,MIL,C,4,75,87,N,N,N,N,730,180
2006,ARI,Arizona Diamondbacks,59684226,0.8837209302325582,1.328516710109137,NL,ARI,W,4,76,86,N,N,N,N,773,160
2006,TOR,Toronto Blue Jays,71365000,1.16,1.2864783976739296,AL,TOR,E,2,87,75,N,N,N,N,809,199
2006,TEX,Texas Rangers,68228662,0.975609756097561,1.176854181057851,AL,TEX,W,3,80,82,N,N,N,N,835,183
2006,WAS,Washington Nationals,63143000,0.7802197802197802,1.1184857930794796,NL,WSN,E,5,71,91,N,N,N,N,746,164
2006,PHI,Philadelphia Phillies,88273333,1.103896103896104,0.9188303757220018,NL,PHI,E,2,85,77,N,N,N,N,865,216
2006,CHA,Chicago White Sox,102750667,1.25,0.879663040046251,AL,CHW,C,3,90,72,N,N,N,N,868,236
2006,BAL,Baltimore Orioles,72585582,0.7608695652173914,0.8599974863794755,AL,BAL,E,4,70,92,N,N,N,N,768,164
2006,LAA,Los Angeles Angels of Anaheim,103472000,1.2191780821917808,0.840965917064983,AL,ANA,W,2,89,73,N,N,N,N,766,159
2006,HOU,Houston Astros,88694435,1.025,0.8336912482164183,NL,HOU,C,2,82,80,N,N,N,N,735,174
2006,SEA,Seattle Mariners,87959833,0.9285714285714286,0.7481922929039018,AL,SEA,W,4,78,84,N,N,N,N,756,172
2006,ATL,Atlanta Braves,90156876,0.9518072289156626,0.7392701047366925,NL,ATL,E,3,79,83,N,N,N,N,849,222
2006,SFN,San Francisco Giants,90056419,0.8941176470588236,0.6830166743452626,NL,SFG,W,3,76,85,N,N,N,N,746,163
2006,BOS,Boston Red Sox,120099824,1.131578947368421,0.5980552250522251,AL,BOS,E,3,86,76,N,N,N,N,820,192
2006,CHN,Chicago Cubs,94424499,0.6875,0.4167745217530886,NL,CHC,C,6,66,96,N,N,N,N,716,166
2007,COL,Colorado Rockies,54041000,3.5328767123287674,4.324367420309745,NL,COL,W,2,90,73,N,Y,Y,N,860,171
2007,TBA,Tampa Bay Devil Rays,24123500,0.6875,4.320853342176715,AL,TBD,E,5,66,96,N,N,N,N,782,187
2007,BOS,Boston Red Sox,143026214,4.954545454545455,4.320361907954478,AL,BOS,E,1,96,66,Y,N,Y,Y,867,166
2007,FLO,Florida Marlins,30507000,0.7802197802197802,3.339434037603331,NL,FLA,E,5,71,91,N,N,N,N,790,201
2007,ARI,Arizona Diamondbacks,52067546,2.25,3.1283423430403268,NL,ARI,W,1,90,72,Y,N,N,N,712,171
2007,CLE,Cleveland Indians,61673267,2.4545454545454546,2.9624567485912197,AL,CLE,C,1,96,66,Y,N,N,N,811,178
2007,WAS,Washington Nationals,36947500,0.8202247191011236,2.671857423614284,NL,WSN,E,4,73,89,N,N,N,N,673,123
2007,PIT,Pittsburgh Pirates,38537833,0.723404255319149,2.43672580741576,NL,PIT,C,6,68,94,N,N,N,N,724,148
2007,PHI,Philadelphia Phillies,89428213,2.219178082191781,2.1039138964923527,NL,PHI,E,1,89,73,Y,N,N,N,892,213
2007,LAA,Los Angeles Angels of Anaheim,109251333,2.3823529411764706,2.015835215026621,AL,ANA,W,1,94,68,Y,N,N,N,822,123
2007,CHN,Chicago Cubs,99670332,2.103896103896104,1.846336525886471,NL,CHC,C,1,85,77,Y,N,N,N,752,151
2007,SDN,San Diego Padres,58110567,1.2027027027027026,1.833717004284031,NL,SDP,W,3,89,74,N,N,N,N,741,171
2007,NYA,New York Yankees,189259045,2.182352941176471,1.3366648624376185,AL,NYY,E,2,94,68,N,Y,N,N,968,201
2007,MIL,Milwaukee Brewers,70986500,1.0506329113924051,1.2951117820227362,NL,MIL,C,2,83,79,N,N,N,N,801,231
2007,MIN,Minnesota Twins,71439500,0.9518072289156626,1.185224307002715,AL,MIN,C,3,79,83,N,N,N,N,718,118
2007,TEX,Texas Rangers,68318675,0.8620689655172413,1.1746692442843574,AL,TEX,W,4,75,87,N,N,N,N,816,179
2007,CIN,Cincinnati Reds,68524980,0.8,1.1071431666233247,NL,CIN,C,5,72,90,N,N,N,N,783,204
2007,KCA,Kansas City Royals,67116500,0.7419354838709677,1.0870026335286522,AL,KCR,C,5,69,93,N,N,N,N,706,102
2007,TOR,Toronto Blue Jays,81942800,1.0506329113924051,1.0618632983208478,AL,TOR,E,3,83,79,N,N,N,N,753,165
2007,ATL,Atlanta Braves,87290833,1.0769230769230769,0.995565162169302,NL,ATL,E,3,84,78,N,N,N,N,810,176
2007,DET,Detroit Tigers,94800369,1.1891891891891893,0.9954546674385407,AL,DET,C,2,88,74,N,N,N,N,887,177
2007,OAK,Oakland Athletics,79366940,0.8837209302325582,0.9439984128972545,AL,OAK,W,3,76,86,N,N,N,N,741,171
2007,SEA,Seattle Mariners,106460833,1.1891891891891893,0.8523817536321145,AL,SEA,W,2,88,74,N,N,N,N,794,153
2007,SLN,St. Louis Cardinals,90286823,0.9285714285714286,0.8001386765407141,NL,STL,C,3,78,84,N,N,N,N,725,141
2007,NYN,New York Mets,115231663,1.1891891891891893,0.7638456345274813,NL,NYM,E,2,88,74,N,N,N,N,804,177
2007,HOU,Houston Astros,87759000,0.8202247191011236,0.7312987895668307,NL,HOU,C,4,73,89,N,N,N,N,723,167
2007,LAN,Los Angeles Dodgers,108454524,1.025,0.6668099013555211,NL,LAD,W,4,82,80,N,N,N,N,735,129
2007,SFN,San Francisco Giants,90219056,0.7802197802197802,0.6528172650571298,NL,SFG,W,5,71,91,N,N,N,N,683,131
2007,BAL,Baltimore Orioles,93174808,0.7419354838709677,0.5709905364984976,AL,BAL,E,4,69,93,N,N,N,N,756,142
2007,CHA,Chicago White Sox,108671833,0.8,0.43952664578686174,AL,CHW,C,4,72,90,N,N,N,N,693,190
2008,FLO,Florida Marlins,21811500,1.0909090909090908,5.745595082243937,NL,FLA,E,3,84,77,N,N,N,N,770,208
2008,TBA,Tampa Bay Rays,43820597,3.9923076923076923,5.555774251195514,AL,TBD,E,1,97,65,Y,N,Y,N,774,180
2008,PHI,Philadelphia Phillies,97879880,4.814285714285714,4.685792641960738,NL,PHI,E,1,92,70,Y,N,Y,Y,799,214
2008,LAA,Los Angeles Angels of Anaheim,119216333,2.6129032258064515,2.238948039649199,AL,ANA,W,1,100,62,Y,N,N,N,765,159
2008,MIL,Milwaukee Brewers,80937499,2.05,2.2085999710715054,NL,MIL,C,2,90,72,N,Y,N,N,750,198
2008,OAK,Oakland Athletics,47967126,0.872093023255814,2.17073752615974,AL,OAK,W,3,75,86,N,N,N,N,646,125
2008,CHN,Chicago Cubs,118345833,2.515625,2.1499525052193853,NL,CHC,C,1,97,64,Y,N,N,N,855,184
2008,MIN,Minnesota Twins,56932766,1.1733333333333333,2.031253788137865,AL,MIN,C,2,88,75,N,N,N,N,829,111
2008,PIT,Pittsburgh Pirates,48689783,0.7052631578947368,1.9623699928132656,NL,PIT,C,6,67,95,N,N,N,N,735,153
2008,CHA,Chicago White Sox,121189332,2.2027027027027026,1.8104151662056782,AL,CHW,C,1,89,74,Y,N,N,N,811,235
2008,BOS,Boston Red Sox,133390035,2.217910447761194,1.7243044673744286,AL,BOS,E,2,95,67,N,Y,N,N,845,173
2008,LAN,Los Angeles Dodgers,118588536,2.0769230769230766,1.7089290703185935,NL,LAD,W,1,84,78,Y,N,N,N,700,137
2008,KCA,Kansas City Royals,58245500,0.8620689655172413,1.6668467337568478,AL,KCR,C,4,75,87,N,N,N,N,691,120
2008,ARI,Arizona Diamondbacks,66202712,1.025,1.5527558040220466,NL,ARI,W,2,82,80,N,N,N,N,720,159
2008,WAS,Washington Nationals,54961000,0.5784313725490197,1.5209439451004654,NL,WSN,E,5,59,102,N,N,N,N,641,117
2008,TEX,Texas Rangers,67712326,0.9518072289156626,1.43435518480777,AL,TEX,W,2,79,83,N,N,N,N,901,194
2008,COL,Colorado Rockies,68655500,0.8409090909090909,1.2962212436135356,NL,COL,W,3,74,88,N,N,N,N,747,160
2008,BAL,Baltimore Orioles,67196246,0.7311827956989247,1.2289570984479203,AL,BAL,E,5,68,93,N,N,N,N,782,172
2008,CLE,Cleveland Indians,78970066,1.0,1.1999217589611737,AL,CLE,C,3,81,81,N,N,N,N,805,171
2008,HOU,Houston Astros,88930414,1.1466666666666667,1.1561944813016014,NL,HOU,C,3,86,75,N,N,N,N,712,167
2008,CIN,Cincinnati Reds,74117695,0.8409090909090909,1.152122101513374,NL,CIN,C,5,74,88,N,N,N,N,704,187
2008,SFN,San Francisco Giants,76594500,0.8,1.0526445567240468,NL,SFG,W,4,72,90,N,N,N,N,640,94
2008,TOR,Toronto Blue Jays,97793900,1.131578947368421,1.0042916983682277,AL,TOR,E,4,86,76,N,N,N,N,714,126
2008,SLN,St. Louis Cardinals,99624449,1.131578947368421,0.9790687939622024,NL,STL,C,4,86,76,N,N,N,N,779,174
2008,SDN,San Diego Padres,73677616,0.6363636363636364,0.9583950861868772,NL,SDP,W,5,63,99,N,N,N,N,637,154
2008,NYN,New York Mets,137793376,1.2191780821917808,0.6934116585575998,NL,NYM,E,2,89,73,N,N,N,N,799,172
2008,ATL,Atlanta Braves,102365683,0.8,0.6114056348356509,NL,ATL,E,4,72,90,N,N,N,N,753,130
2008,NYA,New York Yankees,207896789,1.2191780821917808,0.36489721111974127,AL,NYY,E,3,89,73,N,N,N,N,789,180
2008,DET,Detroit Tigers,137685196,0.8409090909090909,0.3159081278425896,AL,DET,C,5,74,88,N,N,N,N,821,200
2008,SEA,Seattle Mariners,117666482,0.6039603960396039,0.24483697548896666,AL,SEA,W,4,61,101,N,N,N,N,671,124
2009,NYA,New York Yankees,201449189,5.245762711864407,4.407152069455715,AL,NYY,E,1,103,59,Y,N,Y,Y,915,244
2009,PHI,Philadelphia Phillies,113004046,3.8478260869565215,3.5268666117533063,NL,PHI,E,1,93,69,Y,N,Y,N,820,224
2009,FLO,Florida Marlins,36834000,1.16,3.277210992561221,NL,FLA,E,2,87,75,N,N,N,N,772,159
2009,MIN,Minnesota Twins,65299266,2.144736842105263,2.685132666768897,AL,MIN,C,1,87,76,Y,N,N,N,817,172
2009,SDN,San Diego Padres,43333700,0.8620689655172413,2.436727942248977,NL,SDP,W,4,75,87,N,N,N,N,638,141
2009,COL,Colorado Rockies,75201000,2.1142857142857143,2.3860221233760193,NL,COL,W,2,92,70,N,Y,N,N,804,190
2009,SLN,St. Louis Cardinals,88528409,2.2816901408450705,2.2867025002109775,NL,STL,C,1,91,71,Y,N,N,N,730,160
2009,LAN,Los Angeles Dodgers,100414592,2.4179104477611943,2.244772879269157,NL,LAD,W,1,95,67,Y,N,N,N,780,145
2009,LAA,Los Angeles Angels of Anaheim,113709000,2.4923076923076923,2.164038599271961,AL,ANA,W,1,97,65,Y,N,N,N,883,173
2009,PIT,Pittsburgh Pirates,48693000,0.6262626262626263,1.8625152642188008,NL,PIT,C,6,62,99,N,N,N,N,636,125
2009,BOS,Boston Red Sox,121345999,2.217910447761194,1.8158976150183528,AL,BOS,E,2,95,67,N,Y,N,N,872,212
2009,TBA,Tampa Bay Rays,63313034,1.0769230769230769,1.681329409748637,AL,TBD,E,3,84,78,N,N,N,N,803,199
2009,TEX,Texas Rangers,68178798,1.16,1.6142196930488568,AL,TEX,W,2,87,75,N,N,N,N,784,224
2009,OAK,Oakland Athletics,61910000,0.8620689655172413,1.5141663601223132,AL,OAK,W,4,75,87,N,N,N,N,759,135
2009,WAS,Washington Nationals,59928000,0.5728155339805825,1.2960892908221258,NL,WSN,E,5,59,103,N,N,N,N,710,156
2009,SFN,San Francisco Giants,83026450,1.1891891891891893,1.2939350225952908,NL,SFG,W,3,88,74,N,N,N,N,657,122
2009,CIN,Cincinnati Reds,73558500,0.9285714285714286,1.239869235079174,NL,CIN,C,4,78,84,N,N,N,N,673,158
2009,BAL,Baltimore Orioles,67101666,0.6530612244897959,1.1386505196944785,AL,BAL,E,5,64,98,N,N,N,N,741,160
2009,MIL,Milwaukee Brewers,80182502,0.975609756097561,1.137273415582769,NL,MIL,C,3,80,82,N,N,N,N,785,182
2009,ARI,Arizona Diamondbacks,73115666,0.7608695652173914,1.083137719076511,NL,ARI,W,5,70,92,N,N,N,N,720,173
2009,KCA,Kansas City Royals,70519333,0.6701030927835051,1.059462280284612,AL,KCR,C,4,65,97,N,N,N,N,686,144
2009,TOR,Toronto Blue Jays,80538300,0.8620689655172413,1.0163918119145456,AL,TOR,E,4,75,87,N,N,N,N,798,209
2009,ATL,Atlanta Braves,96726166,1.131578947368421,1.0090381728276419,NL,ATL,E,3,86,76,N,N,N,N,735,149
2009,SEA,Seattle Mariners,98904166,1.103896103896104,0.95102186298698,AL,SEA,W,3,85,77,N,N,N,N,640,160
2009,CHA,Chicago White Sox,96068500,0.9518072289156626,0.8386962685072042,AL,CHW,C,3,79,83,N,N,N,N,724,184
2009,CLE,Cleveland Indians,81579166,0.6701030927835051,0.8033184862823797,AL,CLE,C,4,65,97,N,N,N,N,773,161
2009,DET,Detroit Tigers,115085145,1.1168831168831168,0.7746029051320695,AL,DET,C,2,86,77,N,N,N,N,743,183
2009,HOU,Houston Astros,102996414,0.8409090909090909,0.6345109215514666,NL,HOU,C,5,74,88,N,N,N,N,643,142
2009,CHN,Chicago Cubs,134809000,1.064102564102564,0.5524367977219813,NL,CHC,C,2,83,78,N,N,N,N,707,161
2009,NYN,New York Mets,149373987,0.7608695652173914,0.15283444060094797,NL,NYM,E,4,70,92,N,N,N,N,671,95
2010,TEX,Texas Rangers,55250544,3.75,4.712744860032509,AL,TEX,W,1,90,72,Y,N,Y,N,787,162
2010,SFN,San Francisco Giants,98641333,4.814285714285714,4.693707393937995,NL,SFG,W,1,92,70,Y,N,Y,Y,697,162
2010,SDN,San Diego Padres,37799300,1.25,3.349749023130058,NL,SDP,W,2,90,72,N,N,N,N,665,132
2010,PIT,Pittsburgh Pirates,34943000,0.5428571428571428,2.936855747727932,NL,PIT,C,6,57,105,N,N,N,N,587,126
2010,TBA,Tampa Bay Rays,71923471,2.4545454545454546,2.846389540462832,AL,TBD,E,1,96,66,Y,N,N,N,802,160
2010,CIN,Cincinnati Reds,71761542,2.2816901408450705,2.677803148701005,NL,CIN,C,1,91,71,Y,N,N,N,790,188
2010,MIN,Minnesota Twins,97559166,2.3823529411764706,2.2770757420048415,AL,MIN,C,1,94,68,Y,N,N,N,781,142
2010,ATL,Atlanta Braves,84423666,2.0816901408450708,2.1934182225182832,NL,ATL,E,2,91,71,N,Y,N,N,738,139
2010,OAK,Oakland Athletics,55254900,1.0,1.9625507104347306,AL,OAK,W,2,81,81,N,N,N,N,663,109
2010,PHI,Philadelphia Phillies,141928379,2.4923076923076923,1.9510165439743488,NL,PHI,E,1,97,65,Y,N,N,N,772,166
2010,FLO,Florida Marlins,57029719,0.975609756097561,1.8615235504474856,NL,FLA,E,3,80,82,N,N,N,N,719,152
2010,TOR,Toronto Blue Jays,62234000,1.103896103896104,1.790289285276057,AL,TOR,E,4,85,77,N,N,N,N,755,257
2010,CLE,Cleveland Indians,61203966,0.7419354838709677,1.4651246355347667,AL,CLE,C,4,69,93,N,N,N,N,646,128
2010,WAS,Washington Nationals,61400000,0.7419354838709677,1.4580265791478406,NL,WSN,E,5,69,93,N,N,N,N,655,149
2010,ARI,Arizona Diamondbacks,60718166,0.6701030927835051,1.411079759470045,NL,ARI,W,5,65,97,N,N,N,N,713,180
2010,NYA,New York Yankees,206333389,2.217910447761194,1.3773674261467912,AL,NYY,E,2,95,67,N,Y,N,N,859,201
2010,COL,Colorado Rockies,84227000,1.0506329113924051,1.1661243007331155,NL,COL,W,3,83,79,N,N,N,N,770,173
2010,KCA,Kansas City Royals,71405210,0.7052631578947368,1.110838300800976,AL,KCR,C,5,67,95,N,N,N,N,676,121
2010,SLN,St. Louis Cardinals,93540751,1.131578947368421,1.0862176133547568,NL,STL,C,2,86,76,N,N,N,N,736,150
2010,MIL,Milwaukee Brewers,81108278,0.9058823529411765,1.0834915514745247,NL,MIL,C,3,77,85,N,N,N,N,750,182
2010,CHA,Chicago White Sox,105530000,1.1891891891891893,0.9785665534457988,AL,CHW,C,2,88,74,N,N,N,N,752,177
2010,LAN,Los Angeles Dodgers,95358016,0.975609756097561,0.9025269567448564,NL,LAD,W,4,80,82,N,N,N,N,667,120
2010,HOU,Houston Astros,92355500,0.8837209302325582,0.8570278069210067,NL,HOU,C,4,76,86,N,N,N,N,611,108
2010,BAL,Baltimore Orioles,81612500,0.6875,0.854744518302956,AL,BAL,E,5,66,96,N,N,N,N,613,133
2010,LAA,Los Angeles Angels of Anaheim,104963866,0.975609756097561,0.7719415170675694,AL,ANA,W,3,80,82,N,N,N,N,681,155
2010,SEA,Seattle Mariners,86510000,0.6039603960396039,0.6768189470741663,AL,SEA,W,4,61,101,N,N,N,N,513,101
2010,DET,Detroit Tigers,122864928,1.0,0.6074600007090714,AL,DET,C,3,81,81,N,N,N,N,751,152
2010,BOS,Boston Red Sox,162447333,1.2191780821917808,0.5567910533447145,AL,BOS,E,3,89,73,N,N,N,N,818,211
2010,NYN,New York Mets,134422942,0.9518072289156626,0.46404510457531,NL,NYM,E,4,79,83,N,N,N,N,656,128
2010,CHN,Chicago Cubs,146609000,0.8620689655172413,0.290170195660002,NL,CHC,C,5,75,87,N,N,N,N,685,149
2011,SLN,St. Louis Cardinals,105433572,4.55,4.370502207304519,NL,STL,C,2,90,72,N,Y,Y,Y,762,162
2011,TBA,Tampa Bay Rays,41053571,2.0816901408450708,3.9729971857303985,AL,TBD,E,2,91,71,N,Y,N,N,707,172
2011,TEX,Texas Rangers,92299264,3.9545454545454546,3.9629568818565106,AL,TEX,W,1,96,66,Y,N,Y,N,855,210
2011,ARI,Arizona Diamondbacks,53639833,2.3823529411764706,3.477910323877494,NL,ARI,W,1,94,68,Y,N,N,N,731,172
2011,KCA,Kansas City Royals,35712000,0.7802197802197802,3.178776695262343,AL,KCR,C,4,71,91,N,N,N,N,730,129
2011,MIL,Milwaukee Brewers,85497333,2.4545454545454546,2.5829619169630598,NL,MIL,C,1,96,66,Y,N,N,N,721,185
2011,PIT,Pittsburgh Pirates,45047000,0.8,2.3906667380735676,NL,PIT,C,4,72,90,N,N,N,N,610,107
2011,CLE,Cleveland Indians,48776566,0.975609756097561,2.32995716034082,AL,CLE,C,2,80,82,N,N,N,N,704,154
2011,SDN,San Diego Padres,45869140,0.7802197802197802,2.3154906518777185,NL,SDP,W,5,71,91,N,N,N,N,593,91
2011,DET,Detroit Tigers,105700231,2.4179104477611943,2.2350813113707546,AL,DET,C,1,95,67,Y,N,N,N,787,169
2011,PHI,Philadelphia Phillies,172976379,2.7,2.0048802117079814,NL,PHI,E,1,102,60,Y,N,N,N,713,153
2011,FLO,Florida Marlins,56944000,0.8,1.7449505575653275,NL,FLA,E,5,72,90,N,N,N,N,625,149
2011,TOR,Toronto Blue Jays,62567800,1.0,1.7251903463123206,AL,TOR,E,4,81,81,N,N,N,N,743,186
2011,NYA,New York Yankees,202275028,2.4923076923076923,1.680604542030536,AL,NYY,E,1,97,65,Y,N,N,N,867,222
2011,WAS,Washington Nationals,63856928,0.9876543209876543,1.6679230703706498,NL,WSN,E,3,80,81,N,N,N,N,624,154
2011,OAK,Oakland Athletics,66536500,0.8409090909090909,1.433373596105487,AL,OAK,W,3,74,88,N,N,N,N,645,114
2011,ATL,Atlanta Braves,87002692,1.2191780821917808,1.319418963818754,NL,ATL,E,2,89,73,N,N,N,N,641,173
2011,CIN,Cincinnati Reds,75947134,0.9518072289156626,1.2849937787859975,NL,CIN,C,3,79,83,N,N,N,N,735,183
2011,HOU,Houston Astros,70694000,0.5283018867924528,0.9977089729666685,NL,HOU,C,6,56,106,N,N,N,N,615,95
2011,COL,Colorado Rockies,88148071,0.8202247191011236,0.8996723799580469,NL,COL,W,4,73,89,N,N,N,N,735,163
2011,LAN,Los Angeles Dodgers,104188999,1.0379746835443038,0.8742507384663785,NL,LAD,W,3,82,79,N,N,N,N,644,117
2011,BAL,Baltimore Orioles,85304038,0.7419354838709677,0.8740418625865919,AL,BAL,E,5,69,93,N,N,N,N,708,191
2011,SEA,Seattle Mariners,86110600,0.7052631578947368,0.822082278305,AL,SEA,W,4,67,95,N,N,N,N,556,109
2011,SFN,San Francisco Giants,118198333,1.131578947368421,0.809474278176513,NL,SFG,W,2,86,76,N,N,N,N,570,121
2011,LAA,Los Angeles Angels of Anaheim,138543166,1.131578947368421,0.6365023121917714,AL,ANA,W,2,86,76,N,N,N,N,667,155
2011,BOS,Boston Red Sox,161762475,1.25,0.6106771412838483,AL,BOS,E,3,90,72,N,N,N,N,875,203
2011,NYN,New York Mets,118847309,0.9058823529411765,0.5773456845173253,NL,NYM,E,4,77,85,N,N,N,N,718,108
2011,CHA,Chicago White Sox,127789000,0.9518072289156626,0.5413005698918029,AL,CHW,C,3,79,83,N,N,N,N,654,154
2011,CHN,Chicago Cubs,125047329,0.7802197802197802,0.39360033511351966,NL,CHC,C,5,71,91,N,N,N,N,654,148
2011,MIN,Minnesota Twins,112737000,0.6363636363636364,0.3713199022745617,AL,MIN,C,5,63,99,N,N,N,N,619,103
2012,SFN,San Francisco Giants,117620683,4.882352941176471,4.629047449828491,NL,SFG,W,1,94,68,Y,N,Y,Y,718,103
2012,OAK,Oakland Athletics,55372500,2.3823529411764706,3.5305458094775224,AL,OAK,W,1,94,68,Y,N,N,N,713,195
2012,DET,Detroit Tigers,132300000,3.6891891891891895,3.2975569866192727,AL,DET,C,1,88,74,Y,N,Y,N,726,163
2012,WAS,Washington Nationals,80855143,2.53125,2.844827394823233,NL,WSN,E,1,98,64,Y,N,N,N,731,194
2012,CIN,Cincinnati Reds,82203616,2.4923076923076923,2.7761350558144264,NL,CIN,C,1,97,65,Y,N,N,N,669,172
2012,BAL,Baltimore Orioles,77353999,2.1478260869565218,2.543488386199771,AL,BAL,E,2,93,69,N,Y,N,N,712,214
2012,ATL,Atlanta Braves,82829942,2.182352941176471,2.4526917348460353,NL,ATL,E,2,94,68,N,Y,N,N,700,149
2012,SDN,San Diego Padres,55244700,0.8837209302325582,2.038039979842747,NL,SDP,W,4,76,86,N,N,N,N,651,121
2012,TBA,Tampa Bay Rays,64173500,1.25,2.0350095382050224,AL,TBD,E,3,90,72,N,N,N,N,697,175
2012,TEX,Texas Rangers,120510974,2.1478260869565218,1.8646203317694465,AL,TEX,W,2,93,69,N,Y,N,N,808,200
2012,SLN,St. Louis Cardinals,110300862,1.9891891891891893,1.8186172366327351,NL,STL,C,2,88,74,N,Y,N,N,765,159
2012,PIT,Pittsburgh Pirates,62951999,0.9518072289156626,1.7811543811800412,NL,PIT,C,4,79,83,N,N,N,N,651,170
2012,KCA,Kansas City Royals,60916225,0.8,1.7071921659623523,AL,KCR,C,3,72,90,N,N,N,N,676,131
2012,NYA,New York Yankees,196522289,2.4179104477611943,1.6640703889371289,AL,NYY,E,1,95,67,Y,N,N,N,804,245
2012,ARI,Arizona Diamondbacks,73804833,1.0,1.4868219144944073,NL,ARI,W,3,81,81,N,N,N,N,734,165
2012,HOU,Houston Astros,60651000,0.514018691588785,1.4317374365394042,NL,HOU,C,6,55,107,N,N,N,N,583,146
2012,TOR,Toronto Blue Jays,75009200,0.8202247191011236,1.2751457101262247,AL,TOR,E,4,73,89,N,N,N,N,716,198
2012,LAN,Los Angeles Dodgers,95143575,1.131578947368421,1.172797674959853,NL,LAD,W,2,86,76,N,N,N,N,637,116
2012,SEA,Seattle Mariners,81978100,0.8620689655172413,1.1508035129146559,AL,SEA,W,4,75,87,N,N,N,N,619,149
2012,CHA,Chicago White Sox,96919500,1.103896103896104,1.1168739834765804,AL,CHW,C,2,85,77,N,N,N,N,748,211
2012,CLE,Cleveland Indians,78430300,0.723404255319149,1.0930523326566068,AL,CLE,C,4,68,94,N,N,N,N,667,136
2012,MIL,Milwaukee Brewers,97653944,1.0506329113924051,1.052231859613073,NL,MIL,C,3,83,79,N,N,N,N,776,202
2012,COL,Colorado Rockies,78069571,0.6530612244897959,1.0313482154609643,NL,COL,W,5,64,98,N,N,N,N,758,166
2012,NYN,New York Mets,93353983,0.8409090909090909,0.9116729178793875,NL,NYM,E,4,74,88,N,N,N,N,650,139
2012,CHN,Chicago Cubs,88197033,0.6039603960396039,0.7665680214004255,NL,CHC,C,5,61,101,N,N,N,N,613,137
2012,MIN,Minnesota Twins,94085000,0.6875,0.746059383536164,AL,MIN,C,5,66,96,N,N,N,N,701,131
2012,LAA,Los Angeles Angels of Anaheim,154485166,1.2191780821917808,0.6683763993946117,AL,ANA,W,3,89,73,N,N,N,N,767,187
2012,MIA,Miami Marlins,118078000,0.7419354838709677,0.48380153512522345,NL,FLA,E,5,69,93,N,N,N,N,609,137
2012,PHI,Philadelphia Phillies,174538938,1.0,0.34013952004222703,NL,PHI,E,3,81,81,N,N,N,N,684,158
2012,BOS,Boston Red Sox,173186617,0.7419354838709677,0.08863520085891496,AL,BOS,E,5,69,93,N,N,N,N,734,165
2013,HOU,Houston Astros,17890700,0.4594594594594595,7.440194276990356,AL,HOU,W,5,51,111,N,N,N,N,610,148
2013,BOS,Boston Red Sox,151530000,4.992307692307692,4.493603029204676,AL,BOS,E,1,97,65,Y,N,Y,Y,853,178
2013,SLN,St. Louis Cardinals,92260110,3.9923076923076923,4.136856808930251,NL,STL,C,1,97,65,Y,N,Y,N,783,125
2013,MIA,Miami Marlins,33601900,0.62,3.6354078311047893,NL,FLA,E,5,62,100,N,N,N,N,513,95
2013,OAK,Oakland Athletics,60132500,2.4545454545454546,3.4777447627398588,AL,OAK,W,1,96,66,Y,N,N,N,767,186
2013,TBA,Tampa Bay Rays,52955272,2.095774647887324,3.4609526871956673,AL,TBD,E,2,92,71,N,Y,N,N,700,165
2013,ATL,Atlanta Braves,87871525,2.4545454545454546,2.6812286138510433,NL,ATL,E,1,96,66,Y,N,N,N,688,181
2013,PIT,Pittsburgh Pirates,77062000,2.182352941176471,2.6512388045072957,NL,PIT,C,2,94,68,N,Y,N,N,634,161
2013,CLE,Cleveland Indians,75771800,2.1142857142857143,2.6166966692848037,AL,CLE,C,2,92,70,N,Y,N,N,745,171
2013,NYN,New York Mets,49448346,0.8409090909090909,2.4092884134449752,NL,NYM,E,4,74,88,N,N,N,N,619,130
2013,CIN,Cincinnati Reds,106404462,2.05,1.975939096426238,NL,CIN,C,3,90,72,N,Y,N,N,698,155
2013,DET,Detroit Tigers,145989500,2.3478260869565215,1.8871219431653583,AL,DET,C,1,93,69,Y,N,N,N,796,176
2013,SDN,San Diego Padres,65585500,0.8837209302325582,1.6971329252619474,NL,SDP,W,3,76,86,N,N,N,N,618,146
2013,KCA,Kansas City Royals,80091725,1.131578947368421,1.5259854219449145,AL,KCR,C,3,86,76,N,N,N,N,648,112
2013,LAN,Los Angeles Dodgers,223362196,2.314285714285714,1.493569340240036,NL,LAD,W,1,92,70,Y,N,N,N,649,138
2013,BAL,Baltimore Orioles,84393333,1.103896103896104,1.4017428887837209,AL,BAL,E,3,85,77,N,N,N,N,745,212
2013,COL,Colorado Rockies,74409071,0.8409090909090909,1.379992234414538,NL,COL,W,5,74,88,N,N,N,N,706,159
2013,SEA,Seattle Mariners,74005043,0.7802197802197802,1.3304352283751175,AL,SEA,W,4,71,91,N,N,N,N,624,188
2013,MIL,Milwaukee Brewers,76947033,0.8409090909090909,1.3127366778155285,NL,MIL,C,4,74,88,N,N,N,N,640,157
2013,MIN,Minnesota Twins,75337500,0.6875,1.201454304297329,AL,MIN,C,4,66,96,N,N,N,N,614,151
2013,ARI,Arizona Diamondbacks,90132000,1.0,1.1833786269027646,NL,ARI,W,2,81,81,N,N,N,N,685,130
2013,TEX,Texas Rangers,112522600,1.2638888888888888,1.1122960746453503,AL,TEX,W,2,91,72,N,N,N,N,730,176
2013,WAS,Washington Nationals,113703270,1.131578947368421,0.9659845664856197,NL,WSN,E,2,86,76,N,N,N,N,656,161
2013,CHN,Chicago Cubs,100567726,0.6875,0.6961975557148424,NL,CHC,C,5,66,96,N,N,N,N,602,172
2013,LAA,Los Angeles Angels of Anaheim,124174750,0.9285714285714286,0.6504485203312268,AL,ANA,W,3,78,84,N,N,N,N,733,164
2013,TOR,Toronto Blue Jays,126288100,0.8409090909090909,0.5423388566589914,AL,TOR,E,5,74,88,N,N,N,N,712,185
2013,SFN,San Francisco Giants,140180334,0.8837209302325582,0.46608589592025595,NL,SFG,W,4,76,86,N,N,N,N,629,107
2013,CHA,Chicago White Sox,120065277,0.6363636363636364,0.4000619027658369,AL,CHW,C,5,63,99,N,N,N,N,598,148
2013,NYA,New York Yankees,231978886,1.103896103896104,0.2579482248292133,AL,NYY,E,4,85,77,N,N,N,N,650,144
2013,PHI,Philadelphia Phillies,169863189,0.8202247191011236,0.2134511049545058,NL,PHI,E,4,73,89,N,N,N,N,610,140
2014,KCA,Kansas City Royals,74594075,3.5191780821917806,4.1589711039565795,AL,KCR,C,2,89,73,N,Y,Y,N,651,95
2014,SFN,San Francisco Giants,163510167,4.489189189189189,3.9653724081201567,NL,SFG,W,2,88,74,N,Y,Y,Y,665,132
2014,HOU,Houston Astros,35116300,0.7608695652173914,3.806219762988797,AL,HOU,W,4,70,92,N,N,N,N,629,163
2014,MIA,Miami Marlins,41836900,0.9058823529411765,3.2210761447852185,NL,FLA,E,4,77,85,N,N,N,N,645,122
2014,OAK,Oakland Athletics,72408400,1.9891891891891893,2.6935726743925636,AL,OAK,W,2,88,74,N,Y,N,N,729,146
2014,PIT,Pittsburgh Pirates,77178000,1.9891891891891893,2.5573417864319268,NL,PIT,C,2,88,74,N,Y,N,N,682,156
2014,BAL,Baltimore Orioles,103416000,2.4545454545454546,2.4979805240704795,AL,BAL,E,1,96,66,Y,N,N,N,705,211
2014,LAA,Los Angeles Angels of Anaheim,121988250,2.53125,2.3397029137027543,AL,ANA,W,1,98,64,Y,N,N,N,773,155
2014,WAS,Washington Nationals,131983680,2.4545454545454546,2.1639061963432282,NL,WSN,E,1,96,66,Y,N,N,N,686,152
2014,SLN,St. Louis Cardinals,120693000,2.25,2.0724949346689536,NL,STL,C,1,90,72,Y,N,N,N,619,105
2014,DET,Detroit Tigers,152855500,2.25,1.7942272679098887,AL,DET,C,1,90,72,Y,N,N,N,757,155
2014,CHN,Chicago Cubs,65522500,0.8202247191011236,1.7562715907864224,NL,CHC,C,5,73,89,N,N,N,N,614,157
2014,LAN,Los Angeles Dodgers,217014600,2.3823529411764706,1.6178605114044644,NL,LAD,W,1,94,68,Y,N,N,N,718,134
2014,TBA,Tampa Bay Rays,72689100,0.9058823529411765,1.6017532765046818,AL,TBD,E,4,77,85,N,N,N,N,612,117
2014,CLE,Cleveland Indians,82151899,1.103896103896104,1.5468320931177286,AL,CLE,C,3,85,77,N,N,N,N,669,142
2014,SDN,San Diego Padres,75685700,0.9058823529411765,1.5148128530224336,NL,SDP,W,3,77,85,N,N,N,N,535,109
2014,SEA,Seattle Mariners,92531100,1.16,1.384997121508336,AL,SEA,W,3,87,75,N,N,N,N,634,136
2014,NYN,New York Mets,85556990,0.9518072289156626,1.31741611896661,NL,NYM,E,3,79,83,N,N,N,N,629,125
2014,CHA,Chicago White Sox,81830500,0.8202247191011236,1.2707918199987107,AL,CHW,C,4,73,89,N,N,N,N,660,155
2014,MIN,Minnesota Twins,83762500,0.7608695652173914,1.1664464182244054,AL,MIN,C,5,70,92,N,N,N,N,715,128
2014,MIL,Milwaukee Brewers,101217000,1.025,1.1019671216297657,NL,MIL,C,3,82,80,N,N,N,N,650,150
2014,ATL,Atlanta Braves,97609000,0.9518072289156626,1.0870650550382537,NL,ATL,E,2,79,83,N,N,N,N,573,123
2014,TOR,Toronto Blue Jays,109920100,1.0506329113924051,1.0027411350020998,AL,TOR,E,3,83,79,N,N,N,N,723,177
2014,COL,Colorado Rockies,95403500,0.6875,0.86056106327336,NL,COL,W,4,66,96,N,N,N,N,755,186
2014,CIN,Cincinnati Reds,108217500,0.8837209302325582,0.8586753613550662,NL,CIN,C,4,76,86,N,N,N,N,595,131
2014,ARI,Arizona Diamondbacks,97861500,0.6530612244897959,0.7840997958380791,NL,ARI,W,5,64,98,N,N,N,N,615,118
2014,TEX,Texas Rangers,112255059,0.7052631578947368,0.6271668348595318,AL,TEX,W,5,67,95,N,N,N,N,637,111
2014,BOS,Boston Red Sox,139019929,0.7802197802197802,0.42837085681830167,AL,BOS,E,5,71,91,N,N,N,N,634,123
2014,NYA,New York Yankees,197543907,1.0769230769230769,0.38492512352631636,AL,NYY,E,2,84,78,N,N,N,N,633,147
2014,PHI,Philadelphia Phillies,180944967,0.8202247191011236,0.20234862559253775,NL,PHI,E,5,73,89,N,N,N,N,619,125
2015,KCA,Kansas City Royals,112107025,4.917910447761194,4.985226398300423,AL,KCR,C,1,95,67,Y,N,Y,Y,724,139
2015,NYN,New York Mets,96766683,3.75,4.065781248283565,NL,NYM,E,1,90,72,Y,N,Y,N,683,177
2015,HOU,Houston Astros,72256200,1.931578947368421,2.8633028471860147,AL,HOU,W,2,86,76,N,Y,N,N,729,230
2015,PIT,Pittsburgh Pirates,88892499,2.33125,2.8078749169122807,NL,PIT,C,2,98,64,N,Y,N,N,697,140
2015,SLN,St. Louis Cardinals,119241500,2.6129032258064515,2.5864432974258125,NL,STL,C,1,100,62,Y,N,N,N,647,137
2015,TOR,Toronto Blue Jays,112992400,2.3478260869565215,2.4028610136418562,AL,TOR,E,1,93,69,Y,N,N,N,891,232
2015,CHN,Chicago Cubs,115879310,2.292307692307692,2.3086019164448572,NL,CHC,C,3,97,65,N,Y,N,N,689,171
2015,ARI,Arizona Diamondbacks,61834000,0.9518072289156626,2.293401310650631,NL,ARI,W,3,79,83,N,N,N,N,720,154
2015,TBA,Tampa Bay Rays,64521233,0.975609756097561,2.198854807071711,AL,TBD,E,4,80,82,N,N,N,N,644,167
2015,TEX,Texas Rangers,143742789,2.1891891891891895,1.9115609663918707,AL,TEX,W,1,88,74,Y,N,N,N,751,172
2015,MIA,Miami Marlins,68056500,0.7802197802197802,1.8620029816773926,NL,FLA,E,3,71,91,N,N,N,N,613,120
2015,ATL,Atlanta Braves,71781250,0.7052631578947368,1.6530768759617809,NL,ATL,E,4,67,95,N,N,N,N,573,100
2015,LAN,Los Angeles Dodgers,215792000,2.314285714285714,1.628528728160186,NL,LAD,W,1,92,70,Y,N,N,N,667,187
2015,CLE,Cleveland Indians,87663766,1.0125,1.516830140801845,AL,CLE,C,3,81,80,N,N,N,N,669,141
2015,OAK,Oakland Athletics,79053501,0.723404255319149,1.4460398910261623,AL,OAK,W,5,68,94,N,N,N,N,694,146
2015,NYA,New York Yankees,212751957,1.96,1.2858778482117559,AL,NYY,E,2,87,75,N,Y,N,N,764,212
2015,MIN,Minnesota Twins,107755000,1.0506329113924051,1.1812498521376145,AL,MIN,C,2,83,79,N,N,N,N,696,156
2015,LAA,Los Angeles Angels of Anaheim,120005415,1.103896103896104,1.0680561040927619,AL,ANA,W,3,85,77,N,N,N,N,661,176
2015,COL,Colorado Rockies,95688600,0.723404255319149,1.0596431432326519,NL,COL,W,5,68,94,N,N,N,N,737,186
2015,BAL,Baltimore Orioles,115044833,1.0,1.0272926551164623,AL,BAL,E,3,81,81,N,N,N,N,713,217
2015,MIL,Milwaukee Brewers,100850000,0.723404255319149,0.9656663123345184,NL,MIL,C,4,68,94,N,N,N,N,655,145
2015,CHA,Chicago White Sox,112373700,0.8837209302325582,0.94731746972534,AL,CHW,C,4,76,86,N,N,N,N,622,136
2015,SDN,San Diego Padres,118441300,0.8409090909090909,0.8244045308443163,NL,SDP,W,4,74,88,N,N,N,N,650,148
2015,SEA,Seattle Mariners,122208700,0.8837209302325582,0.8214837773130035,AL,SEA,W,4,76,86,N,N,N,N,656,198
2015,PHI,Philadelphia Phillies,111693000,0.6363636363636364,0.7094893331396207,NL,PHI,E,5,63,99,N,N,N,N,626,130
2015,CIN,Cincinnati Reds,113072286,0.6530612244897959,0.7069975130866321,NL,CIN,C,5,64,98,N,N,N,N,640,167
2015,WAS,Washington Nationals,155587472,1.0506329113924051,0.6799470276986332,NL,WSN,E,2,83,79,N,N,N,N,703,177
2015,SFN,San Francisco Giants,164701500,1.0769230769230769,0.6437447418745195,NL,SFG,W,2,84,78,N,N,N,N,696,136
2015,BOS,Boston Red Sox,181103400,0.9285714285714286,0.3987747955430041,AL,BOS,E,5,78,84,N,N,N,N,748,161
2015,DET,Detroit Tigers,172284750,0.8505747126436781,0.3704393753604886,AL,DET,C,5,74,87,N,N,N,N,689,151
2016,CHN,Chicago Cubs,154067668,5.275862068965518,4.992904372740766,NL,CHC,C,1,103,58,Y,N,Y,Y,808,199
2016,CLE,Cleveland Indians,74311900,3.9029850746268657,4.926226568923203,AL,CLE,C,1,94,67,Y,N,Y,N,777,185
2016,TBA,Tampa Bay Rays,57097310,0.723404255319149,2.507392057896889,AL,TBD,E,5,68,94,N,N,N,N,672,216
2016,PHI,Philadelphia Phillies,58980000,0.7802197802197802,2.4593799972425,NL,PHI,E,4,71,91,N,N,N,N,610,161
2016,WAS,Washington Nationals,141652646,2.4179104477611943,2.2416193575121635,NL,WSN,E,1,95,67,Y,N,N,N,763,203
2016,MIL,Milwaukee Brewers,68775237,0.8202247191011236,2.0465965613384687,NL,MIL,C,4,73,89,N,N,N,N,671,194
2016,TEX,Texas Rangers,176038723,2.4179104477611943,1.9830560384844353,AL,TEX,W,1,95,67,Y,N,N,N,765,215
2016,ATL,Atlanta Braves,68498291,0.7311827956989247,1.9685776542071463,NL,ATL,E,5,68,93,N,N,N,N,649,122
2016,MIA,Miami Marlins,77314202,0.9634146341463414,1.8886724102015093,NL,FLA,E,3,79,82,N,N,N,N,655,128
2016,TOR,Toronto Blue Jays,138701700,2.0191780821917806,1.8710495415898991,AL,TOR,E,2,89,73,N,Y,N,N,759,221
2016,NYN,New York Mets,133889129,1.96,1.8604637344380663,NL,NYM,E,2,87,75,N,Y,N,N,671,218
2016,BOS,Boston Red Sox,188545761,2.3478260869565215,1.8423160643790317,AL,BOS,E,1,93,69,Y,N,N,N,878,208
2016,BAL,Baltimore Orioles,161863456,2.0191780821917806,1.6776042905139357,AL,BAL,E,2,89,73,N,Y,N,N,744,253
2016,LAN,Los Angeles Dodgers,221288380,2.2816901408450705,1.6290318295500987,NL,LAD,W,1,91,71,Y,N,N,N,725,189
2016,HOU,Houston Astros,94893700,1.0769230769230769,1.552890602691384,AL,HOU,W,3,84,78,N,N,N,N,724,198
2016,SFN,San Francisco Giants,172253778,1.96,1.5485501135423572,NL,SFG,W,2,87,75,N,Y,N,N,715,130
2016,OAK,Oakland Athletics,86806234,0.7419354838709677,1.4019977393075993,AL,OAK,W,5,69,93,N,N,N,N,653,169
2016,ARI,Arizona Diamondbacks,87439063,0.7419354838709677,1.3863645658706227,NL,ARI,W,4,69,93,N,N,N,N,752,190
2016,CIN,Cincinnati Reds,88940059,0.723404255319149,1.3316429017540472,NL,CIN,C,5,68,94,N,N,N,N,716,164
2016,PIT,Pittsburgh Pirates,103778833,0.9397590361445783,1.2465520418049907,NL,PIT,C,3,78,83,N,N,N,N,729,153
2016,CHA,Chicago White Sox,112998667,0.9285714285714286,1.087943831610484,AL,CHW,C,4,78,84,N,N,N,N,686,168
2016,SDN,San Diego Padres,101424814,0.723404255319149,1.0721320193158372,NL,SDP,W,5,68,94,N,N,N,N,686,177
2016,COL,Colorado Rockies,112645071,0.8620689655172413,1.0266501845214886,NL,COL,W,3,75,87,N,N,N,N,845,204
2016,SEA,Seattle Mariners,135683339,1.131578947368421,1.0135236355073236,AL,SEA,W,2,86,76,N,N,N,N,768,223
2016,SLN,St. Louis Cardinals,143053500,1.131578947368421,0.9423254135506535,NL,STL,C,2,86,76,N,N,N,N,779,225
2016,KCA,Kansas City Royals,131487125,1.0,0.9260473761214264,AL,KCR,C,3,81,81,N,N,N,N,675,147
2016,MIN,Minnesota Twins,102583200,0.5728155339805825,0.9006671666065874,AL,MIN,C,5,59,103,N,N,N,N,722,200
2016,LAA,Los Angeles Angels of Anaheim,137251333,0.8409090909090909,0.7070660928232364,AL,ANA,W,4,74,88,N,N,N,N,717,156
2016,DET,Detroit Tigers,194876481,1.1466666666666667,0.6088498333464879,AL,DET,C,2,86,75,N,N,N,N,750,211
2016,NYA,New York Yankees,222997792,1.0769230769230769,0.4177693827017457,AL,NYY,E,4,84,78,N,N,N,N,680,183
